id,datum,incidence_7,incidence_14,incidence_7_100000,incidence_14_100000
645c9c30-ded5-407d-a880-cb81a04798d6,2020-03-01,3,3,0.028,0.028
1c3b4c1b-2a4f-4caf-aa0c-5d5321184e4a,2020-03-02,3,3,0.028,0.028
2ef24aae-59a6-415a-a2f3-49fc2476a08e,2020-03-03,5,5,0.047,0.047
b92ce130-323d-4c98-9ad6-8f2459fe4e01,2020-03-04,6,6,0.056,0.056
e3522abc-60d0-42bf-8574-8eba00d559cc,2020-03-05,9,9,0.084,0.084
f170676c-8ab5-476a-a643-aa49c93ecb81,2020-03-06,20,20,0.187,0.187
de6f1517-27a1-4c91-a908-e5329973c95f,2020-03-07,27,27,0.252,0.252
c69f4ff3-7511-46f7-9a52-49cf98e625e7,2020-03-08,30,33,0.28,0.308
ca53ed51-8007-43a7-a1cf-bcd843694116,2020-03-09,36,39,0.336,0.364
964841e8-98c2-4488-9018-4d891dfb3b0f,2020-03-10,59,64,0.551,0.598
28c3331d-adc6-4cd5-a07a-e3dd9bbb9dc0,2020-03-11,89,95,0.832,0.888
a2ac7ce5-1268-49bf-a7da-8ec235335a66,2020-03-12,108,117,1.009,1.093
ca102e80-da33-410c-9d68-3c6d97b04226,2020-03-13,122,142,1.14,1.327
e4d7c83e-d856-4b27-bff9-fd032d3fc7cb,2020-03-14,163,190,1.523,1.775
ff2f7649-14ef-4756-85d2-8bb9d78fed02,2020-03-15,266,296,2.486,2.766
17bdc543-b6fb-4911-8266-c5f21eb20e0b,2020-03-16,345,381,3.224,3.56
ebaf8247-32ac-4eb3-86ca-ee6f5f238cc6,2020-03-17,387,446,3.616,4.168
4079813f-704f-44b7-8008-88237f414d16,2020-03-18,466,555,4.354,5.186
dc48daee-05d9-40ab-b717-a7faff744a78,2020-03-19,650,758,6.074,7.083
c8fb550c-dd39-4623-ac01-f0b827fb37bc,2020-03-20,749,871,6.999,8.139
57ce9749-6b42-4e50-8672-4d32d68cbce1,2020-03-21,860,1023,8.036,9.559
e28b3481-d19d-4fb2-814b-efbc60f88cf4,2020-03-22,866,1132,8.092,10.578
e7d0d22d-7c54-41db-a9ef-53f6ebab6462,2020-03-23,907,1252,8.475,11.699
f926b761-4445-48e0-858c-cdf8f1ffd37c,2020-03-24,1025,1412,9.578,13.194
200f2b06-69b4-49e0-b22b-e63cebd08eae,2020-03-25,1207,1673,11.279,15.633
e87b99bf-7bf6-483d-a91b-e525f9cbbbc2,2020-03-26,1260,1910,11.774,17.848
86dae291-c2de-4b13-a74b-c5c2624f5deb,2020-03-27,1513,2262,14.138,21.137
ca473add-1c62-41b5-a79a-feb98713ac16,2020-03-28,1617,2477,15.11,23.146
2d1728ae-9cea-4705-906e-0df9626254a9,2020-03-29,1661,2527,15.521,23.613
367e0172-678b-4daf-a8bd-0dd40e8d0a96,2020-03-30,1719,2626,16.063,24.538
ea057ab7-2811-419c-8e20-046f8b6d6a24,2020-03-31,1840,2865,17.193,26.771
4cb65980-f728-4349-bde7-0f2c7b08e476,2020-04-01,1831,3038,17.109,28.388
a3c401a9-2690-438b-b734-95502f0b2d6f,2020-04-02,1840,3100,17.193,28.967
7ea8d3d7-41ed-4ec5-aede-081a20d936a4,2020-04-03,1796,3309,16.782,30.92
570cc739-6728-4438-9e9f-624f29c719eb,2020-04-04,1816,3433,16.969,32.079
0ba6dc7b-bf13-45ab-903f-db4cff11ce08,2020-04-05,1774,3435,16.577,32.097
d80883ea-f9fc-4e36-b627-ad2ef4a14ead,2020-04-06,1826,3545,17.063,33.125
ce05c4eb-d705-4060-85bb-2abf9bd3fe95,2020-04-07,1716,3556,16.035,33.228
367779d6-48a6-42a2-ae42-6b3ee8a6caf4,2020-04-08,1727,3558,16.138,33.247
4db710e9-2873-4047-b6bd-94a79393e95c,2020-04-09,1716,3556,16.035,33.228
7b339d59-096d-4286-9990-b71274ead7ae,2020-04-10,1546,3342,14.446,31.228
372badf5-dc3b-43ce-a0b2-5b979bd46752,2020-04-11,1433,3249,13.39,30.359
352efa82-0e1f-4733-93d2-05be27bdf35d,2020-04-12,1405,3179,13.129,29.705
2641aeca-cde2-4a38-ad2a-dd463ae900b7,2020-04-13,1237,3063,11.559,28.621
f74afb50-e93d-4c4f-a99a-25b12c345e78,2020-04-14,1123,2839,10.494,26.528
dba67a12-f3a6-40fb-9cb6-c0a649f57a4a,2020-04-15,989,2716,9.241,25.379
fd0a9cc8-87e7-45c1-88be-3b5575b5bbc3,2020-04-16,864,2580,8.073,24.108
ab08c157-80c3-401d-b700-ef1c0ef23687,2020-04-17,817,2363,7.634,22.08
e774c10c-0fa3-4e6a-8690-f150f6fd60a1,2020-04-18,752,2185,7.027,20.417
2e11ab7a-fe27-40bb-a061-0189a54b6869,2020-04-19,755,2160,7.055,20.184
5a32caee-b50c-41bd-9c76-ba30691fa172,2020-04-20,841,2078,7.859,19.417
fe42fbbb-4c1f-4cd2-87a2-5aeac21bc395,2020-04-21,892,2015,8.335,18.829
71bd0a02-a6b8-4ae2-ace3-38ea8621f6a8,2020-04-22,831,1820,7.765,17.007
39517e71-f990-4e02-8a59-6f3b7fb0b347,2020-04-23,754,1618,7.046,15.119
f0c0e640-5e27-4427-a2e9-d0348fc87d9e,2020-04-24,724,1541,6.765,14.399
4276c060-8ad6-4116-89d5-cce0d6c0286f,2020-04-25,698,1450,6.522,13.549
26e86079-df23-4404-bb10-ed8b6f196c96,2020-04-26,658,1413,6.149,13.203
19a13876-ddf5-4211-af13-ba8fde6bde31,2020-04-27,545,1386,5.093,12.951
9bef8c4e-66e4-4475-8402-5bb4e0f727e4,2020-04-28,472,1364,4.41,12.746
d0256bb0-7173-4c90-8d8e-5846f67a096c,2020-04-29,448,1279,4.186,11.951
bbad4d7c-ccad-4446-8877-81d1935ebbf8,2020-04-30,501,1255,4.681,11.727
532be3be-edf5-455c-b10a-823133d484f8,2020-05-01,472,1196,4.41,11.176
21660483-24ad-47ed-9885-899896e05e05,2020-05-02,411,1109,3.84,10.363
bc1b8313-c1bc-4769-a9ea-62684eef3cd1,2020-05-03,385,1043,3.598,9.746
501ea4bf-7b31-402a-a54e-b5bfe495c5e5,2020-05-04,383,928,3.579,8.671
9192ab43-436c-408c-8104-4d5e6103c532,2020-05-05,400,872,3.738,8.148
a122d01d-5eb9-4ab5-a222-059a402187be,2020-05-06,404,852,3.775,7.961
6c8c61ab-17b8-4fe5-bde3-1e905210e27a,2020-05-07,355,856,3.317,7.999
edb37c88-48b1-4bcf-bfd0-6b41e9f39e7f,2020-05-08,344,816,3.214,7.625
7ef1a63b-2523-4384-aba8-5aa02336f991,2020-05-09,344,755,3.214,7.055
4c790822-e520-4026-a3f4-152148287290,2020-05-10,346,731,3.233,6.831
70da22e6-e953-44cb-90a9-f7b0787f8384,2020-05-11,365,748,3.411,6.989
b4d50876-2654-43c1-8c58-afd5a965f391,2020-05-12,333,733,3.112,6.849
69322c28-511c-4927-b762-934c68322a59,2020-05-13,306,710,2.859,6.634
20785dcd-17ac-4956-b81a-4102379b2559,2020-05-14,329,684,3.074,6.391
59e62a22-6391-4bfb-a682-965732704020,2020-05-15,338,682,3.158,6.373
41877b22-ff33-4468-87c3-7ae69d0478c1,2020-05-16,371,715,3.467,6.681
e8680fc4-d95b-4f3d-999c-a6a0ab22749b,2020-05-17,363,709,3.392,6.625
329f458b-aae2-4222-98d7-a19feb9b8c31,2020-05-18,419,784,3.915,7.326
66209968-4075-4355-958c-67836154fc66,2020-05-19,437,770,4.083,7.195
20654036-86df-4f46-b5be-947e4d754ece,2020-05-20,460,766,4.298,7.158
fc8123c3-f4f7-4d53-a01c-9240bfa51ebe,2020-05-21,414,743,3.869,6.943
d53104b0-2e67-476c-9f25-8397c0a5e460,2020-05-22,420,758,3.925,7.083
eb3fc5d2-b7b2-425b-ab46-0b5630deb4f4,2020-05-23,446,817,4.168,7.634
78f257a8-a4af-4567-8b16-5820fccdd803,2020-05-24,491,854,4.588,7.98
30b68f34-9a3f-4fd8-85d1-ee82421b7e3c,2020-05-25,424,843,3.962,7.877
03c6b9dc-9780-428c-8ade-45f59e81b62d,2020-05-26,413,850,3.859,7.943
18af7107-dd3e-4ab7-96ec-fec06b3d977c,2020-05-27,375,835,3.504,7.802
9da51805-9396-4710-8288-a4608db15853,2020-05-28,393,807,3.672,7.541
2033826a-e39d-4dbc-ae6a-5daaeac3d5b6,2020-05-29,389,809,3.635,7.559
51965478-285d-4f86-8c79-97e5ae1cde51,2020-05-30,346,792,3.233,7.401
d4a54b9a-198e-4409-9421-aff06c323f60,2020-05-31,319,810,2.981,7.569
648c6229-d28a-4989-98e6-a7f7fd392d05,2020-06-01,306,730,2.859,6.821
e7976508-2803-45e4-9699-8a668367780a,2020-06-02,319,732,2.981,6.84
47b89cde-2151-4803-8c30-12d8af8b1dd7,2020-06-03,356,731,3.327,6.831
7ac5fdd2-a917-499c-8e26-e3ffbfa7b531,2020-06-04,366,759,3.42,7.092
3fd1a529-da8f-48d6-b6e3-d3b4b12d9ef0,2020-06-05,344,733,3.214,6.849
ce73ea21-7243-4a62-bc6c-4b1d29c40f8b,2020-06-06,348,694,3.252,6.485
c9e73f57-c5a8-4db4-8392-3ca9920c53e1,2020-06-07,371,690,3.467,6.448
d9d8c44e-700a-4b94-a9e7-732739f38f8e,2020-06-08,406,712,3.794,6.653
43269517-c336-444c-8cd4-3af3aa5a83a2,2020-06-09,396,715,3.7,6.681
f7326c1c-dcd4-4217-b795-67291394b911,2020-06-10,396,752,3.7,7.027
388ccae6-8f16-4ab4-8679-2eefe76d6b61,2020-06-11,397,763,3.71,7.13
9e060d8a-b91e-48a8-bae4-7d403aa58bfa,2020-06-12,414,758,3.869,7.083
277c74f7-742b-4a17-946c-ce57f50b3afc,2020-06-13,429,777,4.009,7.26
09fa5fd2-d6bf-40e4-bf13-9441c72b1e50,2020-06-14,401,772,3.747,7.214
f589a6fb-7588-481c-b567-cdd025052198,2020-06-15,372,778,3.476,7.27
c808443f-07c6-495d-a874-fa94f77ed867,2020-06-16,364,760,3.401,7.102
bb451675-ffb6-4fd0-88eb-0ea34153f44c,2020-06-17,341,737,3.186,6.887
94fd2f59-b20e-4f98-a64c-68695efc8613,2020-06-18,394,791,3.682,7.391
144b3caa-3acb-4af8-bebb-b55987490bd5,2020-06-19,468,882,4.373,8.242
803696a4-b9d6-461a-9d52-7734677c49b7,2020-06-20,458,887,4.28,8.288
5c3ae4bf-9896-4131-b10b-3e0c8503ab8b,2020-06-21,475,876,4.439,8.186
8f6b863a-8ae3-4745-9d3a-b31d94fbf584,2020-06-22,499,871,4.663,8.139
f624dd63-7929-41df-b91e-cfc8824d09b3,2020-06-23,541,905,5.055,8.457
c6d516a6-b5a8-4183-999b-a945ba586926,2020-06-24,617,958,5.765,8.952
c1acdfdd-d0ce-40a7-81e5-e2d673a1e7d1,2020-06-25,592,986,5.532,9.213
616786df-0e97-4ec0-b486-2189d0f58b77,2020-06-26,635,1103,5.934,10.307
711d54f1-08c9-4432-8599-7c2b37eebb93,2020-06-27,852,1310,7.961,12.241
6aec57e8-3998-4c3d-bc94-bcac67f7a03d,2020-06-28,1107,1582,10.344,14.783
79f5844b-e6ca-4ca3-b578-b8233f96a45e,2020-06-29,1244,1743,11.624,16.287
3e1ee548-04e7-46ad-9d5c-0678f25c5d1e,2020-06-30,1304,1845,12.185,17.24
c1890760-2122-4732-ba58-7b1f718284ef,2020-07-01,1268,1885,11.848,17.614
91a86e79-db0a-4111-9f17-7b4c1b290769,2020-07-02,1308,1900,12.222,17.754
8aea4b68-4d24-4b45-b17b-90d337acd3db,2020-07-03,1280,1915,11.961,17.894
3d1228fd-6a17-401d-9890-3106af8ef1cf,2020-07-04,1141,1993,10.662,18.623
80bbfeaa-d3ec-4357-a9eb-344a6d2e7818,2020-07-05,911,2018,8.513,18.857
f2b6418d-1b1a-4641-876e-89491d442d3b,2020-07-06,761,2005,7.111,18.735
5067ff50-a5ad-49b9-9167-059f5927aa74,2020-07-07,730,2034,6.821,19.006
065bf085-4a3d-414f-bcd9-5e87e666ac43,2020-07-08,768,2036,7.176,19.025
8f37f215-ed1d-4f15-b695-4f68a09fabfa,2020-07-09,740,2048,6.915,19.137
0911dfb4-43e4-479d-ba18-838245d67f0d,2020-07-10,740,2020,6.915,18.875
328b3cb2-3569-4b07-add7-f0e1c495d7a8,2020-07-11,672,1813,6.279,16.941
e2f10aab-2145-4cb6-834f-106289ca9700,2020-07-12,656,1567,6.13,14.642
c1b988cc-d84c-4af9-a2dc-d9d2f8da1f75,2020-07-13,671,1432,6.27,13.381
337866cc-d175-4ce1-80e4-fe5e204b82de,2020-07-14,658,1388,6.149,12.97
cae163d4-b8af-4328-8f82-2a724da3ec06,2020-07-15,664,1432,6.205,13.381
1e162507-5f09-41d1-9ad3-db7471c6bdf7,2020-07-16,696,1436,6.504,13.418
f012fe61-8f59-48af-a13d-2a15b2a84995,2020-07-17,684,1424,6.391,13.306
8f85e34b-c052-4cd0-a042-dcdcd84380aa,2020-07-18,743,1415,6.943,13.222
a4eb2f2b-11ed-438b-8d09-ad68b87b7a13,2020-07-19,775,1431,7.242,13.372
af348c83-6365-4e50-ad93-5d3cccbe004d,2020-07-20,877,1548,8.195,14.465
e3b4f67a-060f-4b83-9eb2-0b54752323d5,2020-07-21,980,1638,9.157,15.306
0a3944fe-ca8b-4721-8ec4-479bcd8c7620,2020-07-22,1090,1754,10.185,16.39
8dc69428-ce6c-43f7-b6af-dea563062b22,2020-07-23,1184,1880,11.064,17.567
ca552ddd-dbd6-47de-896a-b4e3aeb7344e,2020-07-24,1333,2017,12.456,18.847
c09aedd8-7863-4a27-917e-e965ba231254,2020-07-25,1353,2096,12.643,19.586
b5692dc4-0914-4082-bd46-ed2d8f64dd1f,2020-07-26,1376,2151,12.858,20.099
d2aa727f-1f9f-4642-8069-250933e8be68,2020-07-27,1402,2279,13.101,21.296
71244975-d233-4594-b60e-d220c92cdab6,2020-07-28,1470,2450,13.736,22.893
1ededad4-c023-4799-a3df-bc5706e3f505,2020-07-29,1499,2589,14.007,24.192
7fc3c5f4-a13b-41a8-abea-f850862c2dba,2020-07-30,1522,2706,14.222,25.286
9acd81c5-a016-476d-8824-6cb97a1aa4bc,2020-07-31,1475,2808,13.783,26.239
ebd80df8-eb77-4856-a7d8-4ce08a338bb1,2020-08-01,1468,2821,13.717,26.36
df25320b-8918-4633-94ea-79d5d75fa316,2020-08-02,1455,2831,13.596,26.454
3b57d7e0-dfb1-4114-b314-4f38d24a5129,2020-08-03,1469,2871,13.727,26.827
25b1e514-d928-4783-b647-53cf58f4d834,2020-08-04,1480,2950,13.829,27.566
9615fb51-67da-49bd-8ae0-7623f43ecf11,2020-08-05,1447,2946,13.521,27.528
a41539e9-85ce-4de1-b501-e057fe2dbdfc,2020-08-06,1408,2930,13.157,27.379
008ff6c0-5c6c-450f-9f74-9514e298fef4,2020-08-07,1499,2974,14.007,27.79
893f4db4-a969-4caf-9656-f7ca59431736,2020-08-08,1547,3015,14.456,28.173
6bd2db81-21bc-4f0c-ab11-c7171aed9a14,2020-08-09,1568,3023,14.652,28.248
af348666-55d0-4f15-b03a-a3850bcdb414,2020-08-10,1501,2970,14.026,27.752
314ba123-6c65-4c67-9688-123153aa460b,2020-08-11,1503,2983,14.044,27.874
671431a5-be9d-47ef-a52d-0cd6292927c8,2020-08-12,1551,2998,14.493,28.014
327d72be-1e24-478c-9135-eac092acafb4,2020-08-13,1667,3075,15.577,28.734
a7a8965c-53dd-43fe-a54c-592ed1974d9b,2020-08-14,1636,3135,15.287,29.294
74c6c18b-c0fa-4f97-9a3f-ae357ca7fa94,2020-08-15,1660,3207,15.511,29.967
f0db5453-0adb-4cf8-ae6c-c5226088f376,2020-08-16,1659,3227,15.502,30.154
d808b7a0-9ed2-4a88-bb3d-189ca4978fb9,2020-08-17,1709,3210,15.969,29.995
d110d40e-c2c7-4dee-897f-711c74c526e8,2020-08-18,1701,3204,15.895,29.939
4c20824f-090f-413d-b72e-064b2192a8e9,2020-08-19,1725,3276,16.119,30.612
3319d37c-a16c-4a2c-911a-a22578ff7581,2020-08-20,1640,3307,15.325,30.901
44256ddf-f6df-4f58-bd1e-240ed703d3d2,2020-08-21,1855,3491,17.334,32.621
b8750fea-3f5b-4fa5-a83d-aac7a387d6a2,2020-08-22,1892,3552,17.679,33.191
371a5ffe-e74b-4ec0-838c-a78fd01f189c,2020-08-23,1907,3566,17.819,33.322
d6b25df7-11d6-4bc5-b3ca-533f13d9f101,2020-08-24,1975,3684,18.455,34.424
62201c59-5132-4e37-bd5f-f4aced357987,2020-08-25,2058,3759,19.23,35.125
0fc21dc7-0eb7-4837-9a2c-72743a21545a,2020-08-26,2141,3866,20.006,36.125
737dc37e-c8b2-4413-bd6a-da0435e4d5c5,2020-08-27,2245,3885,20.978,36.302
119926b4-21c6-4233-8e56-06c75660c40d,2020-08-28,2224,4079,20.782,38.115
720452d2-20b3-4564-b009-186eaed35f61,2020-08-29,2310,4202,21.585,39.265
15d9a304-1749-46a9-850c-6c8f1c028dc0,2020-08-30,2449,4356,22.884,40.704
18f7edd8-2bfe-4b27-aef3-35e7beb119f8,2020-08-31,2446,4421,22.856,41.311
e717d9fe-6ac2-421a-9dd3-a8f35e3390b7,2020-09-01,2579,4637,24.099,43.329
9a320490-5f0d-4636-ba71-c88c5a41b02a,2020-09-02,2828,4969,26.426,46.432
efa26227-c469-4e67-ab09-842a1a008777,2020-09-03,3153,5398,29.462,50.44
f8eb7cb8-e286-43a4-9c6e-efc62401a297,2020-09-04,3465,5689,32.378,53.159
4ae60e6d-cae1-4162-ae21-e1fad082427f,2020-09-05,3649,5959,34.097,55.682
b91138be-411a-470b-9977-4e24bb805d1c,2020-09-06,3784,6233,35.359,58.243
778e8d9d-0781-4bf2-bf11-69c259104ab9,2020-09-07,4089,6535,38.209,61.065
40da07b7-9e4f-4462-8027-fea04b5a7c8a,2020-09-08,4753,7332,44.413,68.512
59c71b4c-912a-4264-af8a-81f70002236e,2020-09-09,5266,8094,49.207,75.632
1c58d513-a34e-45d9-ad3a-34f6479e7bee,2020-09-10,5974,9127,55.823,85.285
814d3c3b-20b1-4ab3-9f23-c803bf92ba46,2020-09-11,6619,10084,61.85,94.227
9abd4f21-f490-415d-b296-d203ecb69073,2020-09-12,7652,11301,71.502,105.599
79f6491f-507d-4176-a5dc-64a3f5bec0a3,2020-09-13,8033,11817,75.062,110.421
b90ba940-b5b1-4680-b789-4520573aaac6,2020-09-14,8500,12589,79.426,117.635
d6bcb838-ddec-4db8-9dfc-73be3710001c,2020-09-15,9015,13768,84.238,128.652
ae3bf12f-9b61-47ab-b65a-be6a095f4335,2020-09-16,9990,15256,93.349,142.556
be98c2a3-9d0b-4ef3-b17f-be94c500df68,2020-09-17,11732,17706,109.627,165.449
e621ed01-f216-4f14-9ebd-38873ae00181,2020-09-18,12398,19017,115.85,177.699
8f8a69c7-d54f-46d6-8add-b15c7f680ff6,2020-09-19,12906,20558,120.597,192.099
a9b3cdae-0e34-4148-b488-19d3cc9924de,2020-09-20,13099,21132,122.4,197.463
567490bb-96e4-4524-98bd-b237c158e60d,2020-09-21,13548,22048,126.596,206.022
8e27843f-2590-4c54-86d1-727cb0d2d554,2020-09-22,14259,23274,133.24,217.478
0333ffe3-ac61-4ff7-8a23-6a3b554062e7,2020-09-23,14431,24421,134.847,228.196
eb39469e-2445-4ce6-a75a-cd4951ce3e2f,2020-09-24,14212,25944,132.8,242.427
b4e3f3ef-072c-41e4-b54b-7d8a026fe3e4,2020-09-25,15049,27447,140.622,256.471
762e33d9-46a0-4c6b-b608-2dc6e05b2868,2020-09-26,14985,27891,140.023,260.62
abc3e8c4-c531-464e-90fe-492b28b1c3f6,2020-09-27,15306,28405,143.023,265.423
8ca6f15b-f63d-4bb6-afa9-d6a191ea2ba4,2020-09-28,15113,28661,141.22,267.815
35455632-aeb4-47cf-85de-57c3023f058e,2020-09-29,14688,28947,137.248,270.488
f0713fed-42e6-4490-aa36-1140bb953a91,2020-09-30,15308,29739,143.042,277.888
51f84c35-38de-4237-b4c7-db79e728fc39,2020-10-01,15905,30117,148.62,281.421
51a2e21f-b9ef-487f-84ff-de21ae3a1b96,2020-10-02,16755,31804,156.563,297.184
dd7cb7a5-0824-4399-9f5a-1d9728ffdb9a,2020-10-03,17328,32313,161.917,301.941
2e215ee4-16b2-47ec-9d1c-d2030dda6f86,2020-10-04,17864,33170,166.926,309.949
97313a9d-8e41-4714-a43d-00d39b902351,2020-10-05,19697,34810,184.054,325.273
02348018-0815-4e0b-b5ff-2abf7acb43ec,2020-10-06,22193,36881,207.377,344.625
e3d4a29f-8e09-4c9a-a420-fedf159752b7,2020-10-07,24604,39912,229.906,372.947
d5474822-01e0-4608-bd2f-4a8b6a38287a,2020-10-08,26495,42400,247.576,396.196
6ad63afd-7bcb-48fa-b926-3995de84303d,2020-10-09,31318,48073,292.643,449.206
91579808-b6c0-43e3-819c-7fb06cbce6cb,2020-10-10,33401,50729,312.107,474.024
08ba7ee0-b7a4-4de7-abd2-eb4d7f14f25f,2020-10-11,34664,52528,323.909,490.834
28af6aef-33f3-49e7-82ab-9b88ec565e3d,2020-10-12,35854,55551,335.028,519.082
a1546aaa-e8a5-4061-b94d-9fbe43c0536e,2020-10-13,39720,61913,371.153,578.53
3a69cac0-f7ce-4a70-9312-bb8383e188e6,2020-10-14,43928,68532,410.474,640.38
967ebc8c-3b03-481c-a02e-0bba5663a695,2020-10-15,48258,74753,450.934,698.51
1dae43e7-047a-4d48-a5e2-77ee954b7fc4,2020-10-16,50744,82062,474.164,766.807
86494a48-97e8-44bc-a85d-6f798f0caa0a,2020-10-17,54820,88221,512.251,824.358
a5d27c17-9ba7-4d90-b7a1-80323633e01e,2020-10-18,56775,91439,530.519,854.428
8503d24a-9b0d-41ec-b33f-02bddb3c5bd4,2020-10-19,60546,96400,565.757,900.785
14bcc8a6-1f33-4497-a7f6-5235634e412c,2020-10-20,64207,103927,599.966,971.119
1a3d159f-231e-4042-91b5-3fc4cab4f6af,2020-10-21,69634,113562,650.677,1061.151
6883b36d-ef7b-4e66-b4ec-62fc75661a2e,2020-10-22,74068,122326,692.109,1143.044
e6f40e30-9f12-4938-a5b6-94cbd9bf354b,2020-10-23,78212,128956,730.832,1204.996
cdfac55c-b5af-4577-85e3-d053986b1ffa,2020-10-24,81972,136792,765.966,1278.218
9fc8c261-3630-4454-9c89-e5ddfc337ec5,2020-10-25,84213,140988,786.907,1317.426
f6afe705-c669-44e6-9b88-b10672aaa50e,2020-10-26,86410,146956,807.436,1373.193
0ab55462-2d93-447b-8f14-d1765f782f0e,2020-10-27,90092,154299,841.841,1441.807
4674f1b4-37d9-4e0e-8969-af025ebd517c,2020-10-28,88098,157732,823.209,1473.886
efe2cb96-b002-4410-9829-e980683ce2ca,2020-10-29,86990,161058,812.856,1504.965
fd6063bb-661f-4741-bad2-320c0a81b3f8,2020-10-30,85347,163559,797.503,1528.335
a245b8ff-d0e9-4547-adb6-797edf52e723,2020-10-31,84302,166274,787.738,1553.705
b04b89c5-9d87-465a-9fdb-37c539a45bb4,2020-11-01,83553,167766,780.739,1567.646
0017a5b6-654b-41ff-8716-a1a50f4d30ac,2020-11-02,82519,168929,771.078,1578.514
3f5d0760-9abe-4ebf-9a34-c0a1cb404a4e,2020-11-03,78942,169034,737.653,1579.495
49019b8d-3dc7-4a5a-80cf-49fd8771e868,2020-11-04,81691,169789,763.341,1586.55
d8f4d009-c162-4ca0-b010-81ae0deca5de,2020-11-05,81878,168868,765.088,1577.944
8d6dfacc-5feb-4d35-a8d5-e9047c778c5d,2020-11-06,79819,165166,745.848,1543.351
83b88636-c8a2-404c-8875-9b1786de47e7,2020-11-07,76112,160414,711.209,1498.947
c5841fc8-99a3-4215-9cc7-5cb6c1cabcba,2020-11-08,73172,156725,683.737,1464.476
51303e97-391c-4ef8-ade2-fe5987e687d1,2020-11-09,69979,152498,653.901,1424.978
2ff9b407-8d0f-49ac-b4da-37ec3508a3af,2020-11-10,66946,145888,625.56,1363.213
00a6b8b6-6ddd-4dbf-8018-4c3e19e551bb,2020-11-11,60139,141830,561.953,1325.294
ed9cd68f-5117-4243-b6d9-bd7bb2e7e000,2020-11-12,54776,136654,511.84,1276.928
58a26cbb-8956-425a-bae0-8feb5de381c4,2020-11-13,50588,130407,472.707,1218.555
ea64d787-9e31-4a82-aaa3-743eb742888f,2020-11-14,47063,123175,439.768,1150.977
abbf989b-6909-42d8-b30d-3d76c75de1b8,2020-11-15,45343,118515,423.696,1107.433
90f27ce0-e578-4053-ba85-87de3413751c,2020-11-16,44721,114700,417.884,1071.785
2a946545-9f24-4efe-b054-853b682de747,2020-11-17,39910,106856,372.929,998.488
846ff559-d163-4b37-b8c9-bae6b8c1afa6,2020-11-18,36505,96644,341.112,903.065
3355978f-acd6-4a73-b113-862bf2b6cd2b,2020-11-19,35101,89877,327.992,839.832
001c9772-25b0-48d8-804d-bfa66034aa51,2020-11-20,33552,84140,313.518,786.225
1470c171-955f-474a-98c7-9094fc9f946e,2020-11-21,32547,79610,304.127,743.895
82eb1e09-7484-45b3-ac69-b7a0772f3f3c,2020-11-22,32164,77507,300.548,724.244
f11ce8bf-424b-4ae0-ab02-cea35429821b,2020-11-23,31117,75838,290.765,708.649
81048fb7-1aff-4083-b83d-f6d126bf7132,2020-11-24,32732,72642,305.856,678.784
6b49c074-9306-496b-94d5-1d0fe6d4a554,2020-11-25,32147,68652,300.389,641.501
b8c209ca-2ad6-490b-a21e-7111a2468676,2020-11-26,29727,64828,277.776,605.769
4ad73703-aee3-4c94-be32-8e1632f84573,2020-11-27,28381,61933,265.199,578.717
1b8a07c2-c019-4349-8c9c-a98cde7e8889,2020-11-28,27858,60405,260.312,564.439
161ef16f-7d9d-49ed-9958-6163b1e1b325,2020-11-29,27424,59588,256.257,556.805
57115acf-1846-47aa-b035-50435c163f8b,2020-11-30,26618,57735,248.725,539.49
1daf6b94-4d75-4e89-9132-5e7f060c328c,2020-12-01,25938,58670,242.371,548.227
e9d7578f-68bf-4c9a-949b-97fbdd64ac6e,2020-12-02,25570,57717,238.932,539.322
6d8806bd-c497-47e5-beb4-a01f1b048024,2020-12-03,26144,55871,244.296,522.072
861c9cda-d2a7-4fbe-94f5-190ed4cddb61,2020-12-04,26428,54809,246.95,512.149
a9dfb171-d6d6-4c5b-a3be-64022a7489da,2020-12-05,27073,54931,252.977,513.289
87524ca3-9897-465c-ac65-8146e147eb4b,2020-12-06,27111,54535,253.332,509.588
ce5ea808-25f0-444c-840d-d0b3e3338849,2020-12-07,27790,54408,259.677,508.402
3904c4c9-0f8b-4ee5-989b-c9e670db962e,2020-12-08,28465,54403,265.984,508.355
f66e6cfe-2903-438e-beb3-079bdb019a90,2020-12-09,30321,55891,283.327,522.259
63151095-c7ba-43a0-bd5e-bd104394b393,2020-12-10,31576,57720,295.054,539.35
198c3926-953b-430a-98de-1dbd3151965f,2020-12-11,33039,59467,308.724,555.674
952c6e0f-a2ec-4e60-9624-dd670256b248,2020-12-12,33381,60454,311.92,564.897
136be142-5b42-462c-9559-2039730cf8cf,2020-12-13,34267,61378,320.199,573.531
1022bf8a-23d6-4d45-8cd4-33aa8b9a1057,2020-12-14,35194,62984,328.861,588.538
4765e09b-c8e5-4ca8-a4ac-b45db8c6babc,2020-12-15,37253,65718,348.101,614.085
3cb6d295-4960-4e1a-a276-2bde5d7bd2d9,2020-12-16,39103,69424,365.388,648.715
f37c1334-cf8f-49a2-88a4-4f0b9a3e9d78,2020-12-17,40844,72420,381.656,676.71
f156d826-d965-4ea8-9e86-ebd8440ce464,2020-12-18,43494,76533,406.418,715.143
671db09a-3864-4617-acb0-7b8e0acb8602,2020-12-19,45205,78586,422.406,734.327
7f5b763a-2316-48d4-94f0-e9884bfe00a7,2020-12-20,46633,80900,435.75,755.949
bbaa7947-2558-49fa-b7f9-8d0d420a0af1,2020-12-21,49441,84635,461.989,790.85
04da71c5-e15f-42c8-9912-59fad588e582,2020-12-22,52500,89753,490.573,838.674
5ed73258-9c39-491d-a8b8-ab68d1cb6361,2020-12-23,58424,97527,545.928,911.316
4b938c99-7d7d-4569-b68f-708493cacf0f,2020-12-24,55193,96037,515.737,897.393
dc10fe3d-2bd0-479c-a275-9f6958658db3,2020-12-25,49013,92507,457.989,864.408
9e7a28d3-a58b-4204-b1bd-f0dfe0080ffa,2020-12-26,46695,91900,436.329,858.736
a825a53d-8100-4ec4-bdb6-6d2ccb196abf,2020-12-27,47072,93705,439.852,875.602
ba2726f8-7213-4ee0-a6af-93d6aa3db40d,2020-12-28,50130,99571,468.427,930.416
a758263b-a68b-439f-808c-ec4a39dcde4c,2020-12-29,55735,108235,520.801,1011.374
f373963b-4e70-4df2-93a1-31ddd9c012b6,2020-12-30,58692,117116,548.432,1094.36
1eae0e53-5d34-4faf-bf18-3da46cac8166,2020-12-31,67651,122844,632.147,1147.884
75fb4d21-e511-48e4-8199-420c481b7ac6,2021-01-01,68434,117447,639.464,1097.453
e2d2876a-47eb-4503-961f-8801405a3ed2,2021-01-02,70392,117087,657.76,1094.089
5b514bd5-dd70-4f1e-874c-492e50b80ea3,2021-01-03,72888,119960,681.083,1120.935
8cfc1ba9-2511-498a-8032-cbc07fed10b5,2021-01-04,74872,125002,699.622,1168.049
4a301bfe-9099-4f31-9a41-cc73e63bf663,2021-01-05,75784,131519,708.144,1228.945
15f085a2-366c-4f47-8143-0a2fc430cbf2,2021-01-06,76554,135246,715.339,1263.771
c66e1536-54ef-4714-bc5c-2b14243e74e7,2021-01-07,78242,145893,731.112,1363.26
3dd2a240-d63e-4c71-b4f4-10309be191f2,2021-01-08,87982,156416,822.125,1461.589
192dd2d6-05bf-4ffb-8659-a5b89529b948,2021-01-09,91484,161876,854.849,1512.609
ca1a0951-abfb-4c68-8538-745a6839de16,2021-01-10,89536,162424,836.646,1517.729
68fe24b3-3425-4ad2-8c5d-c25f411e0d36,2021-01-11,85980,160852,803.418,1503.04
6ee18149-54af-4515-b565-7ae6ad1e1eef,2021-01-12,79336,155120,741.335,1449.479
a406ef56-cc8a-4b6e-85c3-0271d729715c,2021-01-13,72383,148937,676.364,1391.703
a5ae21c8-f34d-46f3-8e71-fa7eef3e1373,2021-01-14,65477,143719,611.833,1342.945
fff96768-6d74-49e9-9101-caecc62e3fad,2021-01-15,61630,149612,575.886,1398.011
0833f076-11ab-4bf3-bf59-8348fe4fce27,2021-01-16,58384,149868,545.554,1400.403
a60d387b-b5f7-4170-b034-1e37c9406d9d,2021-01-17,56686,146222,529.688,1366.334
a97fa9ce-4b96-49a4-9bbc-fda6e3187f30,2021-01-18,54926,140906,513.242,1316.66
b3ee0a0b-e2f6-48da-ae24-241f1808d110,2021-01-19,53726,133062,502.029,1243.364
0c58fb10-d79c-49a3-abd2-16d228bf3049,2021-01-20,51023,123406,476.771,1153.136
2f4c5bb0-b8d6-4a82-bb54-e1cf08b41b97,2021-01-21,50502,115979,471.903,1083.736
a6b74e2f-8f28-47e9-ad3a-3bd4b272f80b,2021-01-22,49656,111286,463.998,1039.883
4e8023fb-147b-48fd-86e7-996f398c009a,2021-01-23,48646,107030,454.56,1000.114
95d273db-85f9-41dd-b7a2-3e58e9dc2df9,2021-01-24,48409,105095,452.345,982.033
57b2d01a-ecb3-40eb-8d54-3c4d8eeb50d8,2021-01-25,47716,102642,445.87,959.112
2c356795-c719-48a4-b746-226b9052527d,2021-01-26,47290,101016,441.889,943.918
8900ab96-8afc-4e5c-9562-ef61cb33cacb,2021-01-27,47591,98614,444.702,921.473
5dda696a-8afd-47f0-8390-538b9814b0ad,2021-01-28,48034,98536,448.841,920.744
09a2056f-8c1a-4d04-a9f9-1b72bd2003da,2021-01-29,47604,97260,444.823,908.821
c9ffcf43-a1b8-4403-aa0d-76bbb3da3090,2021-01-30,47426,96072,443.16,897.72
078eade6-8c8f-467c-8a67-b99f56c72116,2021-01-31,47604,96013,444.823,897.169
a66457fa-b543-4b39-8cfd-5986e8860c05,2021-02-01,47860,95576,447.215,893.085
92573a63-da4d-48ba-87cc-49b5ff27b194,2021-02-02,47821,95111,446.851,888.74
464f7386-6e8c-4821-9b0d-c3429f0ebca7,2021-02-03,48962,96553,457.513,902.215
66afdf61-0ebe-494e-b8dd-4ed4353452a3,2021-02-04,49033,97067,458.176,907.018
faa2332a-833b-4560-bba9-5138a9b49136,2021-02-05,49598,97202,463.456,908.279
cd5f750a-5ffc-41a3-a622-71da3a3b1c18,2021-02-06,50352,97778,470.501,913.661
4b80320a-b024-414d-9145-0b02ca5378e0,2021-02-07,50219,97823,469.259,914.082
85341893-882e-4737-b6ac-1028c524ca4f,2021-02-08,50782,98642,474.519,921.735
fae3638c-8e5f-409b-a594-196ea6c811e7,2021-02-09,51922,99743,485.172,932.023
c05e7449-1299-4a1d-8b71-8dc31624beef,2021-02-10,51807,100769,484.097,941.61
259846cf-1980-4294-bd03-6787153609e6,2021-02-11,52739,101772,492.806,950.982
c3b03fc7-a079-4b56-a043-b5528c30c1c9,2021-02-12,52953,102551,494.806,958.261
f7c7093e-4250-4bef-a1e1-3cea04368f05,2021-02-13,53285,103637,497.908,968.409
6fde73d9-aa05-49e0-814e-bc334aec6db1,2021-02-14,53715,103934,501.926,971.185
017c59c7-dd6f-4e88-bcd6-0092289bbf49,2021-02-15,54811,105593,512.167,986.687
6d13814c-7668-4f7e-8d58-30ef9316c2b6,2021-02-16,57122,109044,533.762,1018.934
7a0489c4-581d-4b4b-b431-cb52a2854a63,2021-02-17,58497,110304,546.61,1030.707
d7d2c796-e28e-4abb-bc6f-ad785806a959,2021-02-18,61169,113908,571.578,1064.384
14f12553-a606-4543-a7a7-93f97ccca99d,2021-02-19,63623,116576,594.509,1089.314
87f7a979-86e2-4511-8c03-e525437f6129,2021-02-20,65254,118539,609.749,1107.657
7ab5e5f6-1a1d-471d-965c-794438b6f3d1,2021-02-21,66441,120156,620.841,1122.767
e74854db-4962-4b7a-a2c9-88a1f1b1af2a,2021-02-22,68979,123790,644.557,1156.724
868bc679-13bf-46b6-910d-edb9f35d7f63,2021-02-23,72221,129343,674.851,1208.612
094db821-3d32-4bc5-a4ba-396b819d2b3d,2021-02-24,75099,133596,701.743,1248.353
f4779822-795b-434d-98b3-a71b411e8fb9,2021-02-25,77997,139166,728.823,1300.401
acaf5fba-3b44-4c66-af0f-bb99d67a98d9,2021-02-26,81528,145151,761.817,1356.326
17f561ea-92db-40a3-8e06-6a4e7f4ba809,2021-02-27,82607,147861,771.9,1381.649
fba86579-27a0-4939-a036-2d729f4a0e2d,2021-02-28,83131,149572,776.796,1397.637
748435bd-4092-4a51-a593-8ecee5e625cb,2021-03-01,84038,153017,785.271,1429.828
52cbb038-ea53-4896-995e-98711214af88,2021-03-02,84991,157212,794.177,1469.027
9f63685b-ed14-4ed0-a150-8efe2c5b7fd2,2021-03-03,86424,161523,807.567,1509.31
bf5edbc5-d60d-4ea7-87e8-2e54700ab1d7,2021-03-04,86487,164484,808.156,1536.978
6d432e13-f1ce-4b19-bf34-ddfe4dc6c524,2021-03-05,84841,166369,792.775,1554.592
90c97bfb-f0bf-46af-b876-9ab1c167be8a,2021-03-06,86119,168726,804.717,1576.617
92825d66-bb35-4d2a-ad04-b139e3f16b6d,2021-03-07,85529,168660,799.204,1576
e8116063-caa8-4435-80c2-03adbe7900c0,2021-03-08,83857,167895,783.58,1568.852
d51c3343-38c2-4917-84d5-fdaf522d237e,2021-03-09,82447,167438,770.405,1564.581
1105b3f6-92ba-4d5f-91ee-45e795fb96d5,2021-03-10,81780,168204,764.172,1571.739
ce5bd49b-3296-42b1-91ca-248d0e156ab5,2021-03-11,78400,164887,732.589,1540.744
c0f64bb4-6935-4400-a70a-a4ceed6cbb01,2021-03-12,80209,165050,749.492,1542.267
54a15de4-0fe8-4138-8279-4f663c8d5cd5,2021-03-13,78118,164237,729.954,1534.67
da6f18a5-6454-4d07-93d8-26f9d488be18,2021-03-14,77467,162996,723.87,1523.074
4b3df52f-0653-4ffc-b53c-3d099bffe72e,2021-03-15,77434,161291,723.562,1507.142
9c22e0a7-e607-4ae4-8118-52bfa81dc5fa,2021-03-16,76115,158562,711.237,1481.642
eaf938e4-0a82-4ee1-920f-ff41f2e76b9e,2021-03-17,73612,155392,687.848,1452.021
955c607a-be73-4182-b56b-7379eac002d2,2021-03-18,73048,151448,682.578,1415.167
618aed50-62a9-4b12-b25a-8e7890409817,2021-03-19,67803,148012,633.568,1383.06
012a58c9-8572-421e-93a9-21d24060f824,2021-03-20,66275,144393,619.29,1349.243
c25bb0be-cbbf-4ae9-b456-9878eae1463c,2021-03-21,65320,142787,610.366,1334.236
ab2a02cd-9a27-46bc-b937-e9affae80a96,2021-03-22,62920,140354,587.94,1311.502
22936c06-a810-4a16-9e93-0dd3a65da204,2021-03-23,59840,135955,559.159,1270.396
2f7f3f98-50a7-467a-a500-2d1682b0caf6,2021-03-24,56627,130239,529.136,1216.985
46ca3ac4-f612-4e9b-841c-21eb68591cd3,2021-03-25,53848,126896,503.169,1185.747
0563d3d9-35a9-48ea-b5b5-cc276a78f3cd,2021-03-26,51852,119655,484.518,1118.085
7c90e5e6-172b-463b-acfb-9dbdc549606c,2021-03-27,50307,116582,470.081,1089.37
919e2a63-96cf-47f0-b624-b8fa00fc8552,2021-03-28,49651,114971,463.951,1074.317
82a3d543-3147-4b87-a9a0-b46e87556124,2021-03-29,48336,111256,451.663,1039.603
5c4d7676-160b-4b86-9180-db55a418d270,2021-03-30,45985,105825,429.695,988.854
cbf41b96-859a-4846-82a9-76b27f72be8d,2021-03-31,44381,101008,414.707,943.843
f420c876-2e3d-47cb-be39-c79aa3c28664,2021-04-01,42684,96532,398.85,902.018
d2ecfdea-42b5-496a-a95c-66b13181e410,2021-04-02,38777,90629,362.342,846.859
84fb6299-c3a0-4d01-963e-8298e5b6aeea,2021-04-03,36957,87264,345.335,815.416
74b76f2e-4ba8-456c-825c-e2c2c58a6d03,2021-04-04,37141,86792,347.055,811.005
54e6ab29-55cb-4816-8cfa-7b4705da00ef,2021-04-05,31622,79958,295.484,747.147
7f078b58-82fd-4ca4-9b4c-576e36695030,2021-04-06,28559,74544,266.862,696.557
5f44dc9f-d2bd-4282-b267-f0323ed16c7d,2021-04-07,28338,72719,264.797,679.504
d95ac8c8-8d76-418f-9251-fbe8a1368ef8,2021-04-08,27380,70064,255.845,654.695
605d3891-3dce-408a-b801-e37d0b1a8274,2021-04-09,28375,67152,265.143,627.485
43143f16-4b12-4c30-91f2-d652b7c5f62f,2021-04-10,28433,65390,265.685,611.02
9a19bca3-6a7a-42ed-9dd0-89afc30eb817,2021-04-11,27487,64628,256.845,603.9
dedb7196-ee6d-40c5-9c2d-f2a26d4cffbc,2021-04-12,29935,61557,279.72,575.204
522ad1b8-4277-4605-9942-257ac319e60b,2021-04-13,29440,57999,275.095,541.957
bab46bf5-76f0-4aab-825e-7fc2db872876,2021-04-14,26103,54441,243.913,508.71
9dc0ce3b-79be-44d6-ba1a-41fb3500a456,2021-04-15,24085,51465,225.056,480.901
a4221567-8bf1-48cd-8039-c9ff803a7e11,2021-04-16,22465,50840,209.918,475.061
897f040d-0c74-4798-8961-e69f3781c91a,2021-04-17,21789,50222,203.602,469.287
89eeefcc-c589-416d-842c-ccae72b06cb5,2021-04-18,21645,49132,202.256,459.101
b8f6b4cb-eeac-4138-8d58-fdc1a784c715,2021-04-19,21115,51050,197.304,477.024
8c57c5eb-48a2-4beb-ab96-827e1400f64e,2021-04-20,19828,49268,185.278,460.372
d804f8aa-8eb9-43de-a17c-2727ed991e49,2021-04-21,19071,45174,178.204,422.117
ba5c949a-980e-48ea-ad8d-b41fc488f36b,2021-04-22,18424,42509,172.158,397.214
ef395cd3-6f81-4f04-b4b6-ed03136d347e,2021-04-23,17814,40279,166.458,376.377
2e852cee-f617-4806-ba64-a1d4656c6d36,2021-04-24,17589,39378,164.356,367.958
450a09d9-948b-4676-8bcb-d43c57e65938,2021-04-25,17578,39223,164.253,366.509
367dcfe1-1e39-4cbe-a0ff-8a56eeefc135,2021-04-26,16830,37945,157.264,354.567
20419e09-95b3-4756-9877-ea71fc764669,2021-04-27,16269,36097,152.021,337.299
5fd9cd94-3341-413f-bd4a-62a304fd2f6d,2021-04-28,15797,34868,147.611,325.815
c18bb3dd-3f2d-4b20-bb57-003a8d4eba87,2021-04-29,15391,33815,143.817,315.976
0ea4f4b9-bbf3-4692-be67-f1a10752cb0b,2021-04-30,14955,32769,139.743,306.201
8bb7bae1-5deb-4c24-b298-8b4284e45a26,2021-05-01,14817,32406,138.454,302.81
5e4adef8-24c2-4715-a400-f2b52d902ae2,2021-05-02,14501,32079,135.501,299.754
ffa8fc87-ead5-4e6a-a9ca-43673d5f063b,2021-05-03,14120,30950,131.941,289.204
3c8779c9-3ca6-430e-8b1e-70161a4450b1,2021-05-04,13289,29558,124.176,276.197
19ef4a39-6ada-4722-99e1-f869b4bdc8f3,2021-05-05,12678,28475,118.466,266.077
440fb81a-f888-4138-8849-6aeb4885117c,2021-05-06,12027,27418,112.383,256.2
301768fe-a36d-47a5-b25d-79e34b5f517d,2021-05-07,11491,26446,107.375,247.118
e7516e98-7eb2-44b9-b9a3-cd53209d79e6,2021-05-08,11040,25857,103.16,241.614
b95d4239-c388-47d4-8724-73e9cf6134d8,2021-05-09,10912,25413,101.964,237.465
327529f0-276b-4b15-916d-e6a113e17252,2021-05-10,10245,24365,95.732,227.672
34ee5a12-8a49-4c9b-a7ac-366e9c8253d0,2021-05-11,9516,22805,88.92,213.095
1976001d-6765-4003-9a19-f9f653141d82,2021-05-12,8901,21579,83.173,201.639
75b34ee8-8e77-475b-a1b1-9ecf1851469d,2021-05-13,8548,20575,79.875,192.258
4d77cde1-62d9-42cd-b188-3459abe1b942,2021-05-14,7955,19446,74.333,181.708
e1f7cd9c-b08d-48d2-9245-6a5413c472ea,2021-05-15,7822,18862,73.091,176.251
1b2a1ada-9e39-4207-9eec-72baa336cccd,2021-05-16,7694,18606,71.895,173.859
abfbeb7a-896f-45f8-8903-3795bd6b8914,2021-05-17,7275,17520,67.979,163.711
9a62a86d-312e-4f1a-8aea-4d49a2e6f9a6,2021-05-18,6785,16301,63.401,152.32
c31645e4-7a95-44b9-9ba8-9dbcccca4568,2021-05-19,6295,15196,58.822,141.995
5048e7b5-70fa-4a24-b931-43726b0e90b0,2021-05-20,5752,14300,53.748,133.623
2852b56a-593f-4c8a-8a9c-d5a91690d1f7,2021-05-21,5375,13330,50.225,124.559
53a7586e-935c-4eb4-b3d3-c8143cf5730b,2021-05-22,5113,12935,47.777,120.868
15434681-8678-4fa5-93c4-8f5d0bc5dbc6,2021-05-23,5051,12745,47.198,119.092
1ab9d0f0-f33c-4cf4-8c75-d8fcb2066eb0,2021-05-24,4611,11886,43.086,111.066
55274280-f24e-45f2-9cd3-79037897ad6d,2021-05-25,4068,10853,38.012,101.413
2b0e3e70-e3ee-42ce-9fea-5e0c63cbea3b,2021-05-26,3838,10133,35.863,94.685
29ef3849-b0ac-4adc-aef9-933fc95e4f77,2021-05-27,3663,9415,34.228,87.976
af68a813-d5ef-4fd1-b7ac-f9291e2041c4,2021-05-28,3444,8819,32.182,82.407
904fc24e-498d-416c-a932-bb94e998fad7,2021-05-29,3329,8442,31.107,78.884
0df4a12b-d560-4bf7-b7ab-4974d3670d64,2021-05-30,3243,8294,30.303,77.501
6f3545c8-0cf8-438e-b2bd-b909c21dcf2a,2021-05-31,3065,7676,28.64,71.726
5782b04a-3bc7-4ab8-bcb2-5fe102e42a76,2021-06-01,2881,6949,26.921,64.933
2d87a7c8-1854-4f8e-8172-eab14651967c,2021-06-02,2684,6522,25.08,60.943
4a211216-0256-4f93-b324-93619d4d5417,2021-06-03,2604,6267,24.332,58.56
58c5bfb4-e7f1-4854-a640-a19d97f41cfc,2021-06-04,2472,5916,23.099,55.281
becf4e47-11c0-47c8-9d61-5b9edc656322,2021-06-05,2403,5732,22.454,53.561
a52cccb3-7bae-4882-886b-4ba4ca5083b4,2021-06-06,2389,5632,22.323,52.627
e7c010ca-8f81-4163-b6cc-c4cd5b7191fd,2021-06-07,2163,5228,20.212,48.852
aa21fddb-f421-4a22-8785-6436093d25f1,2021-06-08,2065,4946,19.296,46.217
e8efc200-ca5e-4c7f-a720-6b97c8f92d84,2021-06-09,1971,4655,18.418,43.497
c32ed3a1-a8fe-4ce0-843e-b9a508e460e4,2021-06-10,1731,4335,16.175,40.507
7d195f66-e97e-4c0a-8942-190c1d0d1488,2021-06-11,1583,4055,14.792,37.891
98966b08-1b3f-463b-9ece-714d95bd6577,2021-06-12,1507,3910,14.082,36.536
31a29ead-e7b5-429c-9965-f29ecd5bb7ea,2021-06-13,1450,3839,13.549,35.873
56f410c8-ad9c-4b5f-90d0-90c8fb27e371,2021-06-14,1329,3492,12.418,32.63
34015b12-f8b0-4a98-9aa7-8d4060ca909b,2021-06-15,1155,3220,10.793,30.088
c61884cd-c396-4ae0-a369-34189db2292c,2021-06-16,1026,2997,9.587,28.005
bc4561a3-fadc-4a58-a8ce-b205f03443a2,2021-06-17,994,2725,9.288,25.463
434ea531-0d3e-488a-9957-4df1757d6aa7,2021-06-18,960,2543,8.97,23.762
c103bf6c-2103-4fa4-84a1-570d9d0d0db6,2021-06-19,947,2454,8.849,22.931
7199fcf1-67bb-45ea-bc02-84fcedcb12e2,2021-06-20,964,2414,9.008,22.557
33622c27-aca2-454a-a4d0-0a95b85b1bf1,2021-06-21,908,2237,8.485,20.903
a3b9893c-8841-4427-850b-951a61561865,2021-06-22,807,1962,7.541,18.333
56619e47-45d3-4db8-8542-64b5f08627ee,2021-06-23,788,1814,7.363,16.95
8890ec76-3579-4ab7-8c80-3b149827f190,2021-06-24,724,1718,6.765,16.053
04b8d24a-ca8e-45c3-9ac4-da8f48631f0c,2021-06-25,708,1668,6.616,15.586
d1cb8571-0156-4fd9-837e-ee52a72d1749,2021-06-26,711,1658,6.644,15.493
2ccaf706-dd67-450f-bfbc-be5121088382,2021-06-27,711,1675,6.644,15.652
ac757913-d307-4504-b369-1c6da40898cd,2021-06-28,744,1652,6.952,15.437
d08d0cbe-e52c-42d0-a297-4ce783f6a0af,2021-06-29,794,1601,7.419,14.96
2d7702bf-0ee6-40c3-b02c-3ad35fc86ace,2021-06-30,818,1606,7.644,15.007
ec7a6ea2-a7dd-42a8-9ad1-dbab2762e4cf,2021-07-01,887,1611,8.288,15.054
999692fd-d09e-4518-8031-e9294cbbb6a7,2021-07-02,922,1630,8.615,15.231
c7516656-a16c-45dc-8fa0-49ba0a390ea4,2021-07-03,980,1691,9.157,15.801
280608e1-d269-4011-81b6-52e364ca783d,2021-07-04,1030,1741,9.625,16.268
863cb51e-d0dc-4abd-808d-511ef04dd6ad,2021-07-05,1004,1748,9.382,16.334
ba32eb75-1ebb-4bbc-8bfd-1505481a7050,2021-07-06,953,1747,8.905,16.324
6abc06a7-f66a-486a-8394-4d8475b8722f,2021-07-07,1094,1912,10.223,17.866
d0827553-452f-4c98-ae9d-288ff708043f,2021-07-08,1184,2071,11.064,19.352
319b3b84-cb30-400b-9642-002ecd26c04c,2021-07-09,1304,2226,12.185,20.8
b7fc8717-684b-41d1-bee7-5da875052325,2021-07-10,1343,2323,12.549,21.707
fa783e70-8260-4a9a-a257-41f9bdcf51cb,2021-07-11,1392,2422,13.007,22.632
844fc24a-1d36-433e-8f1f-775bc703d61b,2021-07-12,1505,2509,14.063,23.445
3eb0505a-7985-42dd-97af-b71fb45d9e9e,2021-07-13,1717,2670,16.044,24.949
6562926d-a08b-471c-9111-7a070e243fd3,2021-07-14,1695,2789,15.838,26.061
126ddbdf-8bca-4eef-996f-2bc867c30952,2021-07-15,1655,2839,15.465,26.528
e11bc723-59d1-42a3-815e-91346fe02185,2021-07-16,1612,2916,15.063,27.248
ddeba92e-87fa-4fe3-848b-03a7b02c9da3,2021-07-17,1645,2988,15.371,27.921
4661dfad-94ca-454d-b40a-b84863092b5a,2021-07-18,1605,2997,14.998,28.005
2ad5ae25-fd08-433f-a4fc-b2df37ceb584,2021-07-19,1585,3090,14.811,28.874
570d79b5-42cc-4e5d-ba3e-a6ebcf93f4f2,2021-07-20,1562,3279,14.596,30.64
a262f8e2-6b46-4c5d-b450-0ff7e43a418b,2021-07-21,1537,3232,14.362,30.201
4f06e530-380a-4299-aa9f-bcc89079952e,2021-07-22,1530,3185,14.297,29.761
486b87b3-193b-478f-96b3-05e5a4f619a6,2021-07-23,1475,3087,13.783,28.846
0658187f-7be5-443a-b8d8-e0377baf66aa,2021-07-24,1405,3050,13.129,28.5
2ccd378d-3c19-49e7-94c5-7fa40dd51253,2021-07-25,1368,2973,12.783,27.78
c0a33905-0623-431c-82ed-63aa9dd0c1a7,2021-07-26,1347,2932,12.587,27.397
613313ac-4bf9-44e5-8788-990b85e9139f,2021-07-27,1304,2866,12.185,26.781
8ac531f3-6396-4752-a520-922c5dd980a9,2021-07-28,1272,2809,11.886,26.248
045cf79b-4bd3-4937-be2e-40f815eaae64,2021-07-29,1268,2798,11.848,26.145
9be799bc-1069-497d-ab9e-ba076c0747a7,2021-07-30,1219,2694,11.391,25.173
6a6bd1e1-dbe7-4591-9284-d73430ae0e0d,2021-07-31,1209,2614,11.297,24.426
6ba7ee47-637d-4368-a34b-1cbd427f2030,2021-08-01,1205,2573,11.26,24.043
e2aaec1f-0b94-4ccb-87fd-58725ff39b0f,2021-08-02,1157,2504,10.811,23.398
20b1e2b0-84e1-43df-ad63-6723726783f4,2021-08-03,1142,2446,10.671,22.856
47bb3542-901c-494a-bc32-eb04f3497e27,2021-08-04,1149,2421,10.737,22.622
21abe6e7-efc4-4b63-aa00-b38a4fb830bd,2021-08-05,1106,2374,10.335,22.183
2937d733-78a2-40c2-a71a-c3ceb634b8bd,2021-08-06,1144,2363,10.69,22.08
c9bc3a0a-ae90-4b7c-bad7-8dbeedf26591,2021-08-07,1183,2392,11.054,22.351
62987efd-99ba-4c7c-a480-cb2a843f7a74,2021-08-08,1213,2418,11.335,22.594
f67e2464-5610-4150-8ff0-8c917e7f2349,2021-08-09,1235,2392,11.54,22.351
511bbb3e-f49a-4bc5-87b6-ef960498a311,2021-08-10,1254,2396,11.718,22.389
c2901226-9253-4460-bf9b-1368a4f99e57,2021-08-11,1265,2414,11.82,22.557
e337f59d-b506-4a72-a101-522e162c90a0,2021-08-12,1289,2395,12.045,22.379
6cf98e5b-6229-4bdf-ad38-f610a57c86c3,2021-08-13,1333,2477,12.456,23.146
ff045f48-23bc-47c0-8e80-3d3eba598ec9,2021-08-14,1319,2502,12.325,23.379
5fd13740-1e88-46bb-934e-613ee483b1d5,2021-08-15,1289,2502,12.045,23.379
7a3db3ed-0d65-4512-b6a3-05f66d79b006,2021-08-16,1330,2565,12.428,23.968
34c30d23-2441-4e81-8d70-9ca96666e060,2021-08-17,1369,2623,12.792,24.51
42e456bd-5d81-47a2-8d2f-0d1e6ea9ef42,2021-08-18,1358,2623,12.689,24.51
12c00864-aca5-4289-aa94-b6e6e4c2eb58,2021-08-19,1335,2624,12.475,24.519
15bda802-af93-4001-b90a-1e55368658c2,2021-08-20,1283,2616,11.989,24.445
bd47c0c5-fb21-4541-a400-d8cdea8d70e7,2021-08-21,1276,2595,11.923,24.248
d3d27b39-27c4-47d6-9c4c-100086ac46c6,2021-08-22,1306,2595,12.204,24.248
d38cff01-6980-43dd-a947-4a311ab89c72,2021-08-23,1303,2633,12.176,24.603
658c1e2d-baf2-47b0-8678-3abd32fbd88d,2021-08-24,1257,2626,11.746,24.538
57ea1ddc-ab00-49ce-b02c-c02cabb578c6,2021-08-25,1298,2656,12.129,24.818
4c37d68f-ed8d-496f-ac76-5169c9618aaa,2021-08-26,1345,2680,12.568,25.043
d3d0bb6b-3f2f-4696-ab05-5a5f6c77ddb6,2021-08-27,1357,2640,12.68,24.669
0e20758c-5899-4648-bc84-85c5a3a9e52c,2021-08-28,1355,2631,12.661,24.585
d123f568-0933-4d9d-a9ad-28d2689b6fbb,2021-08-29,1329,2635,12.418,24.622
9f71bfc3-5c94-4099-b5e8-02858c57dc21,2021-08-30,1356,2659,12.671,24.846
f4ffb8a4-25f6-4fd5-99f2-8db0a3281ee5,2021-08-31,1394,2651,13.026,24.772
3db690fb-bd34-4e3b-b5a8-1259f21f150a,2021-09-01,1406,2704,13.138,25.267
213cda47-ffd4-4dd4-abe3-15d60e743507,2021-09-02,1498,2843,13.998,26.566
2458c7f9-5146-40bc-b304-13eb24c0403d,2021-09-03,1625,2982,15.184,27.865
a21f5053-9477-414c-bbde-7b833c3bda6c,2021-09-04,1699,3054,15.876,28.537
8bb7d93f-f098-4ad8-a9de-e7953fdd98eb,2021-09-05,1759,3088,16.437,28.855
26974a24-5c14-4770-83ca-1956c8256b8e,2021-09-06,1911,3267,17.857,30.528
1e9e752b-36d5-44d2-94f2-a7d93296a192,2021-09-07,2202,3596,20.576,33.602
92396dfc-f4e6-4e33-87ce-04b2a073fef6,2021-09-08,2322,3728,21.697,34.835
44b50040-0ed8-4f57-8673-cfaaa62eeab7,2021-09-09,2437,3935,22.772,36.77
35183606-0eda-4818-8b24-da895d141359,2021-09-10,2573,4198,24.043,39.227
30c51093-0311-472c-af0d-03ee6eb3a93c,2021-09-11,2617,4316,24.454,40.33
79c54ec9-bb33-4031-aa1e-e7347e429e11,2021-09-12,2613,4372,24.417,40.853
c30bc5f0-3acf-41f1-919f-aec83f2e980a,2021-09-13,2715,4626,25.37,43.226
eb28f7ea-77bf-43e8-84eb-bcce926536d9,2021-09-14,2689,4891,25.127,45.703
da2d4eb6-3446-4c59-8539-0de621b0884a,2021-09-15,2831,5153,26.454,48.151
115a55ba-29b5-466b-a934-1c9282b46c57,2021-09-16,2972,5409,27.771,50.543
09441116-8c16-4f19-b95d-f5ac5f66e0df,2021-09-17,2974,5547,27.79,51.833
3e091f7b-78d4-40a8-b08d-a486132ec240,2021-09-18,3026,5643,28.276,52.73
5f3ee625-0dce-4473-8721-24a1b07d5d0f,2021-09-19,3077,5690,28.752,53.169
6c8c9409-3329-40cf-b429-c273b8a81653,2021-09-20,3064,5779,28.631,54
dfe25e78-27f0-49d5-893c-cde0516451d5,2021-09-21,3104,5793,29.005,54.131
fce0db28-7b14-4963-aec9-bd26323c9b38,2021-09-22,3105,5936,29.014,55.467
6a7e9879-d6d4-4fcb-b33f-474ce6816147,2021-09-23,3027,5999,28.285,56.056
e24cb797-c16e-4e14-b004-450dcb9937cb,2021-09-24,3123,6097,29.182,56.972
e213dfd7-451f-4d47-9c38-9eaa92b1cf5a,2021-09-25,3239,6265,30.266,58.542
4173a969-7738-46ae-8493-41ee9f04a298,2021-09-26,3305,6382,30.883,59.635
2d93fb0d-a9e3-4244-8a73-f37a2cc1ace9,2021-09-27,3501,6565,32.714,61.345
d6da0f61-24e8-45bd-9963-61f39767d1bd,2021-09-28,3378,6482,31.565,60.569
d904b941-5e67-4377-a1ed-72b05682269c,2021-09-29,3588,6693,33.527,62.541
67467d1e-44af-4bf2-8742-14a24a781234,2021-09-30,4026,7053,37.62,65.905
da8411ef-a99f-4aea-ad19-f41581c56fc4,2021-10-01,4313,7436,40.302,69.484
0b913255-1345-472d-8feb-9c00a1b59dc2,2021-10-02,4446,7685,41.545,71.811
0dbca065-6e30-43b3-91f8-52decddcfe74,2021-10-03,4510,7815,42.143,73.025
6e71854f-c5d6-4a0c-8286-161d7ef2a64e,2021-10-04,4657,8158,43.516,76.23
a8bc5c5f-bd0b-459d-86e0-8c339c67eef7,2021-10-05,5331,8709,49.814,81.379
443e36f4-3a86-46bc-b557-ef905ec70094,2021-10-06,5644,9232,52.739,86.266
7192bc82-b5fe-43f4-a77f-fa418be9117c,2021-10-07,5715,9741,53.402,91.022
2b845eda-93cd-492e-8a32-17afa92c9f8d,2021-10-08,5903,10216,55.159,95.461
bb08e096-f6bb-4f5b-8de5-eb2da880a730,2021-10-09,6019,10465,56.243,97.787
040056a2-9c17-476b-9ae6-20690364ddd5,2021-10-10,6040,10550,56.439,98.582
6f708f23-844e-4917-be5d-fbc60f34c8ee,2021-10-11,6560,11217,61.298,104.814
409228a6-a058-414b-a723-ed37a40afaeb,2021-10-12,6920,12251,64.662,114.476
81720e65-8e85-4b8d-9215-44d4d0473c58,2021-10-13,7372,13016,68.886,121.625
864af740-25a0-4c1e-9b95-6e06b7afdcd7,2021-10-14,7920,13635,74.006,127.409
c33b4d17-9a47-42e2-bf37-f62f49f549a3,2021-10-15,8683,14586,81.136,136.295
b6a5d006-76d1-488e-964b-37e53c5ac912,2021-10-16,9173,15192,85.715,141.958
5dae924b-0c1a-47a7-8813-8a37e1bf7cd7,2021-10-17,9630,15670,89.985,146.424
bc70f800-1adf-463f-b600-f202e11f048b,2021-10-18,10825,17385,101.151,162.45
356fcff0-0406-4b17-8452-0175b354eb89,2021-10-19,12566,19486,117.42,182.082
85a2a269-b628-4948-85c8-b2f9591ed490,2021-10-20,14347,21719,134.062,202.948
06fa52c9-1786-4b7e-9395-7a9e3220a704,2021-10-21,16452,24372,153.731,227.738
8add8efd-30d3-4a0a-b459-08113ab1c5dd,2021-10-22,18911,27594,176.709,257.845
bc5eb6b7-8fcb-409b-b85b-be293d213f92,2021-10-23,20509,29682,191.641,277.356
721e634d-6a36-4556-b8a7-75980da60b6a,2021-10-24,21553,31183,201.396,291.382
3dca7a36-a84a-4797-b689-f253efbeab49,2021-10-25,23300,34125,217.721,318.872
fac14912-d170-4248-a7b1-c78c9a60cdf7,2021-10-26,26342,38908,246.146,363.566
3b9e32e4-b561-4cdc-a5fd-5e97d6c5500d,2021-10-27,28931,43278,270.338,404.4
ef529191-e869-48be-bf04-18dec512f3a7,2021-10-28,29642,46094,276.982,430.714
c00f4b7c-b5bf-46a7-804f-a8ce8268e0b6,2021-10-29,31162,50073,291.185,467.894
ac19d7db-7e34-405d-8987-8d840cae88fb,2021-10-30,33467,53976,312.724,504.365
5318665c-2854-44b5-8e19-2f40b52c50a3,2021-10-31,34420,55973,321.629,523.025
fb9d4e98-b073-4c6d-a533-02314d8a70f6,2021-11-01,37751,61051,352.755,570.475
08b53e86-6e91-4bde-b367-0e69eb7d9370,2021-11-02,41403,67745,386.88,633.026
f91769e7-3451-4852-b481-0691f99e9323,2021-11-03,45017,73948,420.65,690.988
448495e8-1de2-4b55-94cf-75a3635fd7ea,2021-11-04,49156,78798,459.326,736.308
5354c0c6-f395-4cb3-8415-ee0e8b7634a0,2021-11-05,52656,83818,492.03,783.216
89b3f3a9-8e5c-4ca7-9631-29f2cbfa06b3,2021-11-06,53339,86806,498.413,811.136
239ba47a-200f-42e0-bb15-deb916bc2df3,2021-11-07,53560,87980,500.478,822.106
4201fc97-0bca-4853-b65d-3c4afc38f1af,2021-11-08,55232,92983,516.101,868.856
9a01700e-07cd-40a6-a87c-00314e1afd55,2021-11-09,59874,101277,559.477,946.357
b9fd1adc-09d1-4a39-b873-fca5b9e809d9,2021-11-10,63961,108978,597.667,1018.317
3010a1ba-3c64-4b15-834a-96a24b869ba9,2021-11-11,65920,115076,615.972,1075.298
335bcea1-32bd-42e9-97fb-a0a3ae12e76d,2021-11-12,70920,123576,662.694,1154.724
3200faef-2aa9-4479-b503-979c4874f458,2021-11-13,74358,127697,694.819,1193.232
0a55880f-fb3d-4b57-9338-e59c955224c9,2021-11-14,77044,130604,719.918,1220.395
0fb99bcd-bcea-4cd6-a002-137d17a65a1c,2021-11-15,79319,134551,741.176,1257.277
079e6a8d-3d33-4f4c-8eb5-7e85c50c1e28,2021-11-16,87285,147159,815.612,1375.089
edd2a10a-4433-4a6b-8f91-71ad27ac5f6f,2021-11-17,87922,151883,821.564,1419.232
785297de-784d-4695-81d7-7d4399cfcc2b,2021-11-18,90987,156907,850.205,1466.177
7fadc6e7-1688-45f4-a210-2682f2cf9de5,2021-11-19,99698,170618,931.602,1594.296
537764ee-086d-4b73-9e83-e014a7398b49,2021-11-20,104932,179290,980.51,1675.329
f8867c75-52e9-40e3-939c-d44ae55f6a0c,2021-11-21,107511,184555,1004.609,1724.527
1cb914ff-8ffa-46e1-b3d1-b8b92544e64c,2021-11-22,110465,189784,1032.212,1773.388
cfbcce56-90de-4c0a-ad2b-e459dba128b0,2021-11-23,113826,201111,1063.618,1879.23
2e640590-cbc4-467a-8b87-f511f762f5cd,2021-11-24,117664,205586,1099.481,1921.045
34e485f9-cbd8-41e0-a23a-e000c55ea493,2021-11-25,132082,223069,1234.206,2084.411
98d7b60a-4182-42b3-87e5-aedff1da49d1,2021-11-26,129500,229198,1210.079,2141.682
0ee2198b-abe4-4297-bbb8-61cbdbd613c1,2021-11-27,127612,232544,1192.437,2172.948
2a093dd7-5840-43f4-8041-27c45a4a35d6,2021-11-28,128639,236150,1202.034,2206.643
093438e7-f39a-4872-93d2-1d3fe0ace936,2021-11-29,131744,242209,1231.048,2263.26
c139a03f-2e28-4f51-aa22-3a14fcc9bf19,2021-11-30,127860,241686,1194.755,2258.373
53b380da-63a7-4666-8b9b-cd8cefcd1ffb,2021-12-01,130968,248632,1223.797,2323.278
9d6bc07d-31dd-44e5-b669-3bfd434db79e,2021-12-02,121662,253744,1136.839,2371.045
282d8c0e-d764-4f08-a31d-caee3c369876,2021-12-03,118958,248458,1111.572,2321.652
a13c4871-f29d-41a0-8f10-95d19d79e643,2021-12-04,117410,245022,1097.108,2289.545
10337678-48cf-4d6a-9990-2a2d4f606b6b,2021-12-05,114441,243080,1069.364,2271.398
949c5d90-e188-4c68-9dff-d486f1c6193a,2021-12-06,112399,244143,1050.284,2281.331
931a6390-fa0a-4d60-997b-06c3b5696947,2021-12-07,109910,237770,1027.026,2221.781
87c019f9-f31d-4d6b-9bd6-fca9852b7c71,2021-12-08,104966,235934,980.828,2204.625
67d53ddd-706f-4869-900a-3303ec6139e0,2021-12-09,100600,222262,940.031,2076.87
7169943e-403e-4a57-8519-55fdaa182103,2021-12-10,95315,214273,890.646,2002.219
72dddd1f-951a-46aa-8d66-416b85106bbd,2021-12-11,93421,210831,872.948,1970.056
945bf4cb-459c-43f3-b4d8-3bce7bd6d64d,2021-12-12,91213,205654,852.316,1921.681
28cc8776-1f2d-4b1c-a201-e1b04248d776,2021-12-13,87540,199939,817.995,1868.279
e7654cd0-358d-4035-9218-3f4475a0fbd0,2021-12-14,84711,194621,791.56,1818.586
95161fd6-2bfe-47e1-a7c2-f8ab2438da00,2021-12-15,80118,185084,748.642,1729.47
eff247be-d346-4a03-97a6-2c2add579f9c,2021-12-16,75353,175953,704.117,1644.148
b0306ec7-1348-4c1b-be71-7573f6a7b358,2021-12-17,71918,167233,672.019,1562.666
230f14cc-f8aa-4f85-a514-b94a7ab77e24,2021-12-18,68815,162236,643.024,1515.973
20b11094-154f-4d22-bebb-cb7a5c6400f6,2021-12-19,68432,159645,639.445,1491.762
35f155ea-0300-417c-bec1-964baabbb60d,2021-12-20,65122,152662,608.516,1426.511
b024aad6-c4c2-4a17-9d97-81f76e70888f,2021-12-21,60261,144972,563.093,1354.654
6ce2705e-7777-468f-8982-36c3ebb7b578,2021-12-22,56339,136457,526.445,1275.087
7db71b6b-fe29-4dab-88d6-5b6c8579cfb2,2021-12-23,54201,129554,506.467,1210.584
decd314c-1790-4783-aaca-bb52b4f29393,2021-12-24,47281,119199,441.805,1113.824
ef3a2224-881d-4ce6-b8be-c54b8b3091ef,2021-12-25,42389,111204,396.093,1039.117
5439d86b-a077-45e3-9663-15068f3673ef,2021-12-26,40658,109090,379.918,1019.363
73a9ee34-10a5-4060-8c5e-1d4c44ba7a4c,2021-12-27,38923,104045,363.706,972.222
226637d5-b769-46e8-a5f6-6ac97472aa42,2021-12-28,36153,96414,337.822,900.916
25721410-1dcf-4e3f-9a7d-d935099ca12e,2021-12-29,34620,90959,323.498,849.943
77733768-fb50-4038-8579-859f9fdad719,2021-12-30,33012,87213,308.472,814.939
9d7028d6-0fb8-476c-ad16-29ec42aaf880,2021-12-31,35964,83245,336.056,777.861
fd323114-8c52-444f-9f2c-50d72abf1ab7,2022-01-01,35967,78356,336.084,732.177
7e2b4d2c-3301-4785-bcfa-aff381710310,2022-01-02,35883,76541,335.299,715.218
8235f2b3-7dbb-4492-a7bf-42bbcbacef5b,2022-01-03,38378,77301,358.613,722.319
ce01b86b-8183-4378-977c-5698203aad3f,2022-01-04,39478,75631,368.892,706.714
ff824e24-a7cb-4f30-9c14-d6e0e787d5f5,2022-01-05,40706,75326,380.367,703.864
26e90a1f-e4f0-4a88-9fc7-406f62c15b6d,2022-01-06,41594,74606,388.664,697.137
f2515f97-9923-4d50-af5c-3d9881c2c763,2022-01-07,43271,79235,404.335,740.391
00c5d9b8-fff4-46f3-8e26-b8b399c629f0,2022-01-08,46140,82107,431.143,767.228
99144ad3-a588-42c1-b907-44b4f05567a0,2022-01-09,46973,82856,438.927,774.227
7c60e9ac-550f-4a39-9be9-edbfd3582361,2022-01-10,44977,83355,420.276,778.889
597fbf4e-f48c-4e4d-bbdc-4dde2bc46212,2022-01-11,47176,86654,440.824,809.716
0767d9a3-34ab-46aa-a93a-52764c3521dc,2022-01-12,51255,91961,478.939,859.306
3107ebd4-0db1-4644-aa0c-2bccfac4012e,2022-01-13,56308,97902,526.156,914.82
ddd25fa7-18f1-4ce4-b9c9-79ea701c672e,2022-01-14,62865,106136,587.426,991.761
0c035666-6504-47a9-8fc7-06cb507ce428,2022-01-15,68196,114336,637.24,1068.383
e68d6030-280b-4f1a-a254-6e786956633e,2022-01-16,72678,119651,679.121,1118.048
304bb6b3-3acc-433b-9b9b-67a92a215cf3,2022-01-17,85630,130607,800.147,1220.423
c90de1ce-dafe-49c0-9842-62ac4bb123e6,2022-01-18,101756,148932,950.833,1391.657
32f920d0-594e-4906-9b6c-0cd4a7e66142,2022-01-19,116312,167567,1086.848,1565.787
09820047-6cb2-4a2a-a9d7-e163200f15aa,2022-01-20,131557,187865,1229.301,1755.456
34e6641f-f588-4cb6-a353-ce96b00d0dfe,2022-01-21,144963,207828,1354.569,1941.995
13646e40-4556-4704-9f07-2d00a30e9209,2022-01-22,154028,222224,1439.275,2076.515
8a76d90f-6eff-4396-ac27-f535e120c32a,2022-01-23,159685,232363,1492.135,2171.256
a93c8cef-8fec-464b-b5c3-b20f94d148d2,2022-01-24,169769,255399,1586.363,2386.51
6fb268a4-95a1-4339-9578-90bf076bb010,2022-01-25,180907,282663,1690.439,2641.272
21788874-f192-4d00-8af6-26bce30aa870,2022-01-26,209587,325899,1958.432,3045.279
64902162-4d97-4ed7-aa45-2a0c1cfa1363,2022-01-27,217464,349021,2032.036,3261.337
6daa0611-1173-4082-8547-cb7a7671d582,2022-01-28,238104,383067,2224.902,3579.471
27e057f3-d753-4c13-bf91-f62fa70ae3f2,2022-01-29,238033,392061,2224.238,3663.513
2b4c5d60-c34c-471d-a20b-b505eed09be0,2022-01-30,249074,408759,2327.408,3819.543
5c04ac35-1146-48a8-a324-531715051071,2022-01-31,248236,418005,2319.577,3905.94
8d036ba4-63cc-4390-9ddb-f4388351bfcb,2022-02-01,265841,446748,2484.083,4174.522
b24ef9c4-20ba-4a56-9253-eb730e6aba58,2022-02-02,254476,464063,2377.885,4336.317
32a020eb-5a01-45ea-b93b-f713f63c2197,2022-02-03,257353,474817,2404.769,4436.805
09623753-9652-420a-b10b-af4a9df835c4,2022-02-04,238813,476917,2231.527,4456.428
38575dc7-785d-4b65-8786-79595859456a,2022-02-05,244534,482567,2284.985,4509.223
b940eaf4-2192-489d-ad0c-943d9a8e8577,2022-02-06,229661,478735,2146.008,4473.416
9dcdd019-abd4-4e38-813b-2971da1f07ce,2022-02-07,229732,477968,2146.672,4466.249
eec4a9bf-0073-450f-b78a-eabbb9ec9ba6,2022-02-08,210300,476141,1965.094,4449.177
4bf5a045-007e-48f1-934b-991a4c333def,2022-02-09,196012,450488,1831.584,4209.469
412d4e4b-6d06-42c8-8a75-aa9c50cd6e3d,2022-02-10,180989,438342,1691.205,4095.974
6363e061-daa9-4c3d-b93f-4ad6a86f9624,2022-02-11,174398,413211,1629.617,3861.144
d1c61b7c-54fc-45c1-ab2e-5fbd607c6a2b,2022-02-12,161342,405876,1507.619,3792.604
4add3c0b-37a9-4934-8ec2-2edd41c8b9e0,2022-02-13,159467,389128,1490.098,3636.106
0ce0ecec-a272-4e77-a9fc-87ed634a7e9c,2022-02-14,149321,379053,1395.292,3541.963
5d2c7dfe-721d-4fa5-810e-752ec5e87a11,2022-02-15,139795,350095,1306.278,3271.373
0d3a2251-4b07-4e82-9ddf-689a19091d30,2022-02-16,127739,323751,1193.624,3025.208
fdccaec7-069b-492c-b12f-6b674d92f668,2022-02-17,120600,301589,1126.916,2818.121
69df6a04-fc13-4d3d-aa2b-9ba3068e8924,2022-02-18,112231,286629,1048.714,2678.331
b3ae31a4-f447-43c0-8cd8-0cdf10731671,2022-02-19,109502,270844,1023.213,2530.832
1e92bf57-18ce-40b0-9eb8-9feb136007e4,2022-02-20,106580,266047,995.909,2486.008
d1783210-9de6-4230-9859-0d7df7220b52,2022-02-21,100554,249875,939.601,2334.893
23a0717f-d947-446d-97b2-eb1b6925e67c,2022-02-22,86488,226283,808.165,2114.443
87113765-5552-4d03-ac90-60f355512df3,2022-02-23,80704,208443,754.118,1947.742
266508a5-2771-4d29-a761-445a652426cb,2022-02-24,75211,195811,702.79,1829.705
a8743bc3-0ec4-49c3-8492-327b1bb2c72d,2022-02-25,70554,182785,659.274,1707.987
4118c448-cead-4af0-9a43-ecda1f20789c,2022-02-26,67922,177424,634.68,1657.893
c17e9c06-adc2-42fd-a781-cc732ad6c9e0,2022-02-27,66974,173554,625.821,1621.731
eb045cbf-7fc9-4383-b591-f1b0e45c20a4,2022-02-28,63683,164237,595.069,1534.67
9c2dce94-c888-4743-9ad9-bc27a51fd23f,2022-03-01,61089,147577,570.83,1378.995
a29ee6d8-a7b0-4308-b124-25e634c3a98a,2022-03-02,58847,139551,549.881,1303.998
e53f6e90-3efe-4ba9-895a-a280b983a41a,2022-03-03,56889,132100,531.585,1234.374
47f07311-b0a9-4c18-a8ea-f8f40e24d8b0,2022-03-04,56026,126580,523.521,1182.794
9e614401-11dc-4a09-bb05-e9421a54e5ee,2022-03-05,54998,122920,513.915,1148.594
fe26b8b2-7d00-4a24-b127-fff5a936f014,2022-03-06,54247,121221,506.897,1132.718
61b167b6-d7b0-42cd-ba97-965601243cc6,2022-03-07,54553,118236,509.756,1104.826
dacaa427-256d-469f-a4e3-c0c722857b57,2022-03-08,53418,114507,499.151,1069.981
be1c5f3f-4dea-4ebb-8b2b-fde9db611ab9,2022-03-09,53539,112386,500.281,1050.162
93e0dbfa-433a-4006-abc6-f695fa2a5d87,2022-03-10,53702,110591,501.805,1033.389
dd165ba9-5354-40da-b101-a06e99a27a09,2022-03-11,53801,109827,502.73,1026.25
0253cbf9-2033-44c5-aa8c-ee611677abba,2022-03-12,53666,108664,501.468,1015.383
efad9114-ac52-4897-b7f5-ad4ec75410ff,2022-03-13,53847,108094,503.159,1010.057
b8587028-9d86-4d0b-8e46-3790380a9db8,2022-03-14,54198,108751,506.439,1016.196
18b4a273-ab33-4ecc-a1ff-b0df4e597c24,2022-03-15,54421,107839,508.523,1007.674
b5991e96-df36-40dd-b124-70532cb71e44,2022-03-16,53885,107424,503.515,1003.796
152f061f-d09b-45cb-b7ba-6effc6fbe589,2022-03-17,53798,107500,502.702,1004.506
db4291bf-738c-437f-95b0-94363cfa92ba,2022-03-18,54159,107960,506.075,1008.804
0c859b76-a21a-4a4f-9cc5-c7ab7cf79ef5,2022-03-19,54520,108186,509.448,1010.916
4c7f226a-a13d-4224-b5c1-23e0595cb466,2022-03-20,54041,107888,504.972,1008.132
e03f3447-04a4-4353-a481-884f178fec56,2022-03-21,53636,107834,501.188,1007.627
8fda2907-4705-4174-99e1-183a2ff9aa04,2022-03-22,53413,107834,499.104,1007.627
2992b6ad-6357-4eeb-bcdb-09bdbdf7550d,2022-03-23,53339,107224,498.413,1001.927
128a5d0b-261c-4ebb-8f11-a3a6ad5dc24f,2022-03-24,52300,106098,488.704,991.405
87cba5ee-bc50-48f9-833b-d11e444775e8,2022-03-25,51128,105287,477.752,983.827
7adefd95-49b0-4565-a667-87285b270bc8,2022-03-26,49858,104378,465.885,975.333
20585529-a100-4d10-812c-00852ff4ef35,2022-03-27,49826,103867,465.586,970.558
89a2fa9e-addf-497e-9d0c-ef4204e4d07c,2022-03-28,48220,101856,450.579,951.767
a42dad7f-79f3-48aa-8d46-55a7e54c2037,2022-03-29,46636,100049,435.778,934.882
50f71d2c-dcfa-4bc9-b7e8-9b6e0eafbe1b,2022-03-30,45551,98890,425.64,924.052
0d715a01-b368-4c57-8aef-9024eb55ca75,2022-03-31,44920,97220,419.743,908.447
cce54f6b-4d5f-4b6f-9a6e-02f635d11294,2022-04-01,43353,94481,405.101,882.853
a21a4708-4720-4b60-8697-a6e3b61d64a1,2022-04-02,42423,92281,396.411,862.296
47b572f3-82b4-4235-abd2-71d88116bc2d,2022-04-03,41839,91665,390.954,856.54
b6825d4e-fd0f-4674-9576-6eec410d70a4,2022-04-04,39586,87806,369.901,820.481
821db9d4-3276-4a62-bd05-32e9ed541727,2022-04-05,37379,84015,349.278,785.057
c4951821-d8d0-4b46-b5ab-75604d3edc5a,2022-04-06,35275,80826,329.618,755.258
abba7b5d-a78b-41b1-b37b-846f05961f8f,2022-04-07,33768,78688,315.536,735.28
14f7c6a8-2318-4325-b005-cc9897063344,2022-04-08,31929,75282,298.352,703.453
d612c38b-5566-449b-8b19-791906651ccc,2022-04-09,31592,74015,295.203,691.614
29d44dcd-e1b6-4340-bf29-033f99c3b83d,2022-04-10,31328,73167,292.736,683.69
d3aa8665-5682-4aca-b5fd-c0d4bab4c6bd,2022-04-11,29509,69095,275.739,645.64
60bba97a-f3c3-4bf9-a1e6-7d5620c4f9e9,2022-04-12,26839,64218,250.79,600.069
90de6de6-08f2-428e-a79a-c9a92980e57e,2022-04-13,25015,60290,233.746,563.364
4d58c024-2d59-4128-baa3-6d91dc961b11,2022-04-14,23335,57103,218.048,533.584
56d307ae-c9bc-4a7d-909e-4254c66af5fd,2022-04-15,20449,52378,191.08,489.433
e79bb4e1-cdfb-4e17-aee2-129b4f5c4c40,2022-04-16,19280,50872,180.157,475.36
99f740a2-052e-4878-9303-2a818287590a,2022-04-17,18636,49964,174.139,466.876
29acb176-c811-4014-aeb9-d7113c6d9b03,2022-04-18,14775,44284,138.061,413.8
649de617-9bcc-4314-9ae3-6a0e6d9750cf,2022-04-19,14332,41171,133.922,384.712
779b56a3-372e-430b-b598-d97ca487cf84,2022-04-20,14300,39315,133.623,367.369
734f3f16-0ec6-4691-ad39-d4e569c7d428,2022-04-21,13159,36494,122.961,341.009
9dac9ed5-c580-4d8e-ad02-75cde9906870,2022-04-22,14019,34468,130.997,322.077
570bfd6e-d5bd-4962-a4f4-a7c99f5d2371,2022-04-23,13849,33129,129.408,309.565
ac6f4b01-cdc3-448e-b7be-26cc4c61e4c5,2022-04-24,13688,32324,127.904,302.043
18041a96-a30b-4c6b-9096-684f3c92a443,2022-04-25,15061,29836,140.734,278.795
778187f8-7ff2-481c-80bd-904a6da8f8f0,2022-04-26,13506,27838,126.203,260.125
b1f156b3-5f84-411c-9b9f-433976a13566,2022-04-27,11716,26016,109.477,243.1
b902d787-2fcc-4efa-b8ed-e4378e785979,2022-04-28,11116,24275,103.871,226.831
08dc364e-f489-4541-b212-7155a8d261c8,2022-04-29,10437,24456,97.526,228.523
62a50d7b-5b09-46e1-b4f8-d50aa4825017,2022-04-30,10125,23974,94.61,224.019
e578217f-a4ee-4083-b356-103d279f440d,2022-05-01,9930,23618,92.788,220.692
49123613-bd9d-483b-8362-a0b7621946e8,2022-05-02,9360,24421,87.462,228.196
7d40e82d-4cce-47ff-a5b0-a146bba546c7,2022-05-03,8703,22209,81.323,207.526
7b551cd4-b958-4c6d-8115-a1db62951479,2022-05-04,8264,19980,77.221,186.698
75927017-df7d-4d36-a8b4-c4643aa147b1,2022-05-05,7638,18754,71.371,175.242
28920de9-0038-4d6f-8cc5-9f2c295455da,2022-05-06,6995,17432,65.363,162.889
b62bbb20-7a69-44f0-b8d3-eee6a1c1705a,2022-05-07,6631,16756,61.962,156.572
64d27409-8cec-424e-9fd2-09857cad73c4,2022-05-08,6368,16298,59.504,152.292
2b4acd2e-9a9b-4694-9347-2f96e4a90d5c,2022-05-09,5553,14913,51.889,139.351
fab3aeb1-ef25-4f50-abb5-0ac1f1d053a5,2022-05-10,4927,13630,46.039,127.362
4c9c4e74-137c-4748-8aee-6bf71f648f95,2022-05-11,4311,12575,40.283,117.504
deb24b0e-fb25-49bc-adeb-967efc5bacdd,2022-05-12,3898,11536,36.424,107.795
8f7aae89-ef1e-4439-b94e-eebbe87fdd20,2022-05-13,3576,10571,33.415,98.778
df1b92bb-2546-4e1e-9283-02bf7fa61ff0,2022-05-14,3483,10114,32.546,94.508
cca77ab4-22f1-457e-960b-76ef41ed59c3,2022-05-15,3419,9787,31.948,91.452
8b1a645d-e4de-49da-974f-3b605d3f643b,2022-05-16,3066,8619,28.649,80.538
3046f8f9-4d2d-4aab-bffa-80ed55a5356d,2022-05-17,2805,7732,26.211,72.25
f3637a14-4a90-419b-b3da-c64a8056ba07,2022-05-18,2571,6882,24.024,64.307
2b493c48-ad26-48ac-aaa4-c86e46c2e419,2022-05-19,2410,6308,22.52,58.943
ee313cb0-477d-4581-abde-e368577ea9ed,2022-05-20,2267,5843,21.183,54.598
2c92daba-1c11-41ba-92c7-5700fd21b415,2022-05-21,2207,5690,20.623,53.169
085905c9-d832-49b2-927a-8f781838c997,2022-05-22,2200,5619,20.557,52.505
f77d4e20-fbc0-412e-a672-a25fdd6503b2,2022-05-23,2090,5156,19.529,48.179
d23b4066-7b3d-4d55-9c36-0bfe4459d361,2022-05-24,1798,4603,16.801,43.012
b7acae0a-2f5a-4870-82e0-c961194ae5dd,2022-05-25,1799,4370,16.81,40.834
6c4b8f18-cab6-4fe0-bbab-4a9f4c7d366a,2022-05-26,1685,4095,15.745,38.265
cecf0fa9-195f-4c8a-ae8e-8d65c95ed9a2,2022-05-27,1609,3876,15.035,36.218
c72b980e-4bde-46bc-97ce-2d4ca5f092c6,2022-05-28,1582,3789,14.783,35.405
860e08e0-eaeb-4e05-ba6a-7d9a6af43a6e,2022-05-29,1548,3748,14.465,35.022
92aa70f9-41fb-4518-a79c-d9b8ef0afbbf,2022-05-30,1457,3547,13.615,33.144
9f631670-4540-4e35-a539-573b9127bcef,2022-05-31,1545,3343,14.437,31.238
465ced65-05ce-4d6e-aae3-71378c06d2a0,2022-06-01,1422,3221,13.288,30.098
f7357242-6894-42a7-9263-f7c289db3005,2022-06-02,1353,3038,12.643,28.388
e5146693-47bb-4828-8c09-65f0f3b5b426,2022-06-03,1391,3000,12.998,28.033
5df30798-e412-4ee3-84bc-480d6bd9fa85,2022-06-04,1415,2997,13.222,28.005
73950034-291e-4596-a36e-96a98e13c3b5,2022-06-05,1415,2963,13.222,27.687
aeb4fdf9-7c35-4bb0-a8ff-81469ab984cc,2022-06-06,1504,2961,14.054,27.668
4b86f128-9e6b-4aa7-b2dd-6c711b2e99d2,2022-06-07,1530,3075,14.297,28.734
9625eff3-2424-4b4c-9181-485f3f53ea24,2022-06-08,1696,3118,15.848,29.135
682fa44c-c02c-45ee-817f-9380741bc139,2022-06-09,1805,3158,16.866,29.509
4a0a615d-7b10-42ff-b8e4-ecafb8a67570,2022-06-10,1843,3234,17.221,30.219
562fe87a-7d0c-48d7-9c55-b162b29e63d7,2022-06-11,1850,3265,17.287,30.509
7faf2aeb-7712-400f-b9f2-5bc7492be5ae,2022-06-12,1885,3300,17.614,30.836
efb7b423-88e0-4b4a-9d94-03cb9f47a3ea,2022-06-13,1938,3442,18.109,32.163
d79f4886-1a7b-4f19-95a1-10d5f86db16f,2022-06-14,2074,3604,19.38,33.677
c7342145-8156-4a2c-aba1-623e45a43f15,2022-06-15,2082,3778,19.455,35.303
a00afe89-5dc2-4c83-80ae-50ccdaa68683,2022-06-16,2166,3971,20.24,37.106
6427a921-f743-4f9d-9e79-254711b540f8,2022-06-17,2278,4121,21.286,38.508
821a72ca-9b31-4de6-ab3d-cfa0c275231b,2022-06-18,2313,4163,21.613,38.9
6f2e0cb0-a9eb-422a-a778-247d0b59cae5,2022-06-19,2317,4202,21.651,39.265
ef60e292-1a6d-49f2-b725-dd84bef6d26c,2022-06-20,2472,4410,23.099,41.208
2534bdc0-fdfd-4a96-9060-f47f052336fa,2022-06-21,2628,4702,24.557,43.937
5dea2fd3-5498-4679-8f2f-90aefaceb02a,2022-06-22,2902,4984,27.117,46.572
3adea58e-c765-4152-b004-f4b859a11bb5,2022-06-23,3289,5455,30.733,50.973
d58b3f9e-bae0-46ee-b0d3-3c08941b647f,2022-06-24,3598,5876,33.621,54.907
d3c45751-40b9-49ec-a322-1eae79503dbe,2022-06-25,3712,6025,34.686,56.299
5d2bce2c-a507-4e04-b53a-25fcd76937f0,2022-06-26,3763,6080,35.162,56.813
7c5d19b1-05e4-4c28-9aa8-7f1489852847,2022-06-27,4394,6866,41.059,64.158
ed9b60cf-dc0f-4ed3-94e3-7ce7084e88b3,2022-06-28,4975,7603,46.488,71.044
a90d7eb9-9a84-401f-9b0a-2358558dae35,2022-06-29,5451,8353,50.935,78.052
1e9dfa38-0ab4-4802-9c44-0311d5b08e13,2022-06-30,5697,8986,53.234,83.967
5349fbe0-f71f-44bb-87a2-05995df1eee2,2022-07-01,6254,9852,58.439,92.059
e6c721f7-953a-448b-ba70-daa048c52f5b,2022-07-02,6376,10088,59.579,94.265
15a2e819-1e71-4e61-90fa-3d62eaf80283,2022-07-03,6416,10179,59.953,95.115
00043896-1586-4c18-b819-dac4354abd22,2022-07-04,6478,10872,60.532,101.591
fab08c93-3ceb-4f74-873d-eb5a0708596a,2022-07-05,5834,10809,54.514,101.002
0e4cf14f-f515-4325-be20-df1cae3826b5,2022-07-06,4893,10344,45.721,96.657
9cd119af-901e-4a83-99c6-952a88c67df7,2022-07-07,5439,11136,50.823,104.057
0cfca0cc-5357-4b9f-b455-46f35ed3af4a,2022-07-08,5975,12229,55.832,114.271
76b5bde0-1d27-4a17-ba75-b3a03b321cc7,2022-07-09,6093,12469,56.934,116.513
62e7ef86-7268-486c-9863-e69d2f6fe209,2022-07-10,6181,12597,57.757,117.709
ae6d2835-e214-479f-8a13-91c298ba90f0,2022-07-11,6911,13389,64.578,125.11
d05ab587-700a-40e7-ab87-89d9a36f6d93,2022-07-12,8351,14185,78.034,132.548
154674a0-0df4-41ac-89e8-4fc4e3988df8,2022-07-13,10120,15013,94.564,140.285
7e4069ce-dde1-4092-8d2a-9e34dfde9a2f,2022-07-14,10292,15731,96.171,146.994
8d0cdee6-bc65-4173-b244-908919e2daeb,2022-07-15,10747,16722,100.423,156.254
045a5802-b6fa-4737-97c1-e9c1bb6fa193,2022-07-16,10850,16943,101.385,158.32
ff92947d-fe55-42ad-b2cb-096a6e5b7aba,2022-07-17,10864,17045,101.516,159.273
ed36490f-e132-4a7c-9b86-10fd975ac95e,2022-07-18,11728,18639,109.589,174.167
40094ff9-e7b5-4935-8875-1661ad21b096,2022-07-19,12984,21335,121.326,199.359
513ee13e-7689-49a7-89f0-be87b4dae810,2022-07-20,13763,23883,128.605,223.169
7ca5c2b5-4213-4fb3-a585-f8ac7eda4293,2022-07-21,14750,25042,137.828,233.999
1f103d40-39bb-49aa-b85f-14ecb439eed3,2022-07-22,15336,26083,143.303,243.726
77d2f315-d8a4-49f4-acc5-42ad9eceaa74,2022-07-23,15715,26565,146.845,248.23
02e3a1c9-9433-40b1-859e-1adaf8c68171,2022-07-24,15802,26666,147.658,249.174
cc53808c-23fd-443a-930e-dc75e774094f,2022-07-25,16674,28402,155.806,265.395
8521a9f2-a961-4de8-83e3-925c5b8732b4,2022-07-26,16873,29857,157.665,278.991
8e07bfcf-2371-42c8-8907-56d8a892ef56,2022-07-27,17087,30850,159.665,288.27
38b5fec3-c3a9-4731-bd14-761275110392,2022-07-28,16937,31687,158.263,296.091
780da641-a559-4cf3-a3f7-2558726f3004,2022-07-29,16855,32191,157.497,300.801
a912a151-551b-46de-8ac8-de4f6b26da73,2022-07-30,16537,32252,154.526,301.371
850789cd-e599-49bb-bb3a-bcd5075859dc,2022-07-31,16514,32316,154.311,301.969
03be1f23-2066-491e-8202-68b9d5dc0a94,2022-08-01,16191,32865,151.293,307.099
83e08324-9b96-4e17-ae54-4c294ab22f52,2022-08-02,15836,32709,147.975,305.641
9b3dbe6b-8852-4b2f-8915-69124b0b5be5,2022-08-03,15534,32621,145.153,304.819
0756b9d3-55d4-499b-852e-e2f45dfc824c,2022-08-04,15128,32065,141.36,299.623
4c7b24c7-b098-4741-821d-9294ffbe8936,2022-08-05,14742,31597,137.753,295.25
483adb00-a01e-4428-bba7-4966023e3b53,2022-08-06,14623,31160,136.641,291.167
298d7c2c-a9fa-47b2-875f-f9f344659bc9,2022-08-07,14575,31089,136.192,290.503
13382811-114d-4546-81cc-5ec209deb96f,2022-08-08,14085,30276,131.614,282.906
d4cf6683-0f78-499e-a9aa-047f4be440a7,2022-08-09,13423,29259,125.428,273.403
5f3c2c4b-d823-4f79-a0db-e198a4a566db,2022-08-10,12954,28488,121.045,266.199
3e70935b-d3e0-4912-97dd-4f2a249e8449,2022-08-11,12738,27866,119.027,260.387
7b94c458-f1f8-4b6e-8de6-6c4857dd83f3,2022-08-12,12520,27262,116.99,254.743
b88d4171-f500-49ae-bc09-98029915240c,2022-08-13,12570,27193,117.457,254.098
b8c2d985-e60c-4125-9a88-758c618d27e7,2022-08-14,12571,27146,117.466,253.659
b508f0ec-9ebb-4ac8-88fa-ba7c8e1a83f4,2022-08-15,12491,26576,116.719,248.333
5eb57cf2-69db-48ca-a69f-ad2825a37053,2022-08-16,12875,26298,120.307,245.735
a80a698b-4d56-4af5-bc92-395219d08041,2022-08-17,13067,26021,122.101,243.147
8fe64c54-3d44-4369-983a-1c8f1fde1eac,2022-08-18,13031,25769,121.765,240.792
370163c9-78b6-4008-a519-f7aaf2a7bf8a,2022-08-19,12937,25457,120.886,237.876
9719d268-9412-4a66-b106-1977a08cc30f,2022-08-20,12837,25407,119.952,237.409
10a36e42-df66-4168-b37e-1553a4588c97,2022-08-21,12764,25335,119.27,236.736
5d745484-673f-41d4-a380-63176423fa5d,2022-08-22,12425,24916,116.102,232.821
b5cd795c-f145-4773-81f4-75d2aba40a54,2022-08-23,11836,24711,110.598,230.906
dceaaccb-0972-462c-ad2c-25f46417b3a0,2022-08-24,11300,24367,105.59,227.691
421ad053-16af-4f47-a877-e710465f4cc7,2022-08-25,11012,24043,102.899,224.664
14988113-4636-4116-b5ae-f9919d47dc3e,2022-08-26,10759,23696,100.535,221.421
ccbd0e98-3168-4249-b83e-25be0a6af667,2022-08-27,10730,23567,100.264,220.216
a66ba128-e892-447f-9919-cfea3ee1dab0,2022-08-28,10736,23500,100.32,219.59
7bc4f04e-1455-4bf4-bb24-0ac95f758e91,2022-08-29,10862,23287,101.497,217.599
3d647bfc-1e4f-41f1-a04d-85c27bba5e35,2022-08-30,10899,22735,101.843,212.441
cba7f184-d122-4fb5-a9c4-814cdb35f4f4,2022-08-31,10964,22264,102.45,208.04
d25fc6e4-edcb-4ad2-b674-2a5c564c4890,2022-09-01,10968,21980,102.488,205.386
f294513f-8dd7-4879-a7a8-c7838abbb8f7,2022-09-02,10969,21728,102.497,203.032
3f5bcfdf-60f5-4f98-a691-cdcf704a06a8,2022-09-03,10904,21634,101.89,202.153
b1bee726-7985-4ca4-a9e7-04297b85cc21,2022-09-04,10870,21606,101.572,201.892
d905a7cb-f975-4c98-a145-b6cdb3fafe0f,2022-09-05,10958,21820,102.394,203.891
a98fc63b-d2d3-4ec7-b1b9-67ae480035af,2022-09-06,11153,22052,104.216,206.059
765708c3-0cab-4b54-9870-6653b5ad4912,2022-09-07,11502,22466,107.477,209.928
70d0041b-c8c1-47c9-be91-465fba2ad573,2022-09-08,11989,22957,112.028,214.516
ea85eba1-da28-4134-9359-b57fe9b7e7b3,2022-09-09,12459,23428,116.42,218.917
6095b2b7-57f2-487f-b958-07a53226fb3f,2022-09-10,12539,23443,117.167,219.057
60a8fe12-b939-4e91-acf9-40a9deb5783e,2022-09-11,12633,23503,118.046,219.618
06e3ea91-0112-44be-b44c-0b25411cd543,2022-09-12,13151,24109,122.886,225.28
c3bd5cad-ae70-462f-b28f-ab70c7a7f5a7,2022-09-13,13725,24878,128.25,232.466
65112642-2758-45ea-88be-159dffe18e0c,2022-09-14,14063,25565,131.408,238.886
7308ec67-a75a-49dd-87fa-c9c4cca61d04,2022-09-15,14441,26430,134.94,246.968
925752b6-bc4e-4066-a7a3-b797eb670b1a,2022-09-16,14684,27143,137.211,253.631
f49d0459-cf9a-4f76-87ec-e61b958ec8ed,2022-09-17,14676,27215,137.136,254.304
68a3836f-8b6c-48d5-b3c0-14cb16f48770,2022-09-18,14704,27337,137.398,255.444
4275ccf0-bc6a-4b03-b9e3-2bf1dd445021,2022-09-19,15189,28340,141.93,264.816
bb93bb57-95a1-446a-93fb-fdf8d9d759d2,2022-09-20,15390,29115,143.808,272.058
